"ref_area.label","indicator.label","source.label","sex.label","classif1.label","classif2.label","time","obs_value","obs_status.label","note_classif.label","note_indicator.label","note_source.label"
"Portugal","Employees by sex and economic activity (thousands)","LFS - EU Labour Force Survey","Sex: Male","Economic activity (Aggregate): Construction",,"2020Q4",185.8,,,"Frequency: Quarterly",
"Portugal","Employees by sex and economic activity (thousands)","LFS - EU Labour Force Survey","Sex: Female","Economic activity (Aggregate): Construction",,"2020Q4",23.4,,,"Frequency: Quarterly",
"Portugal","Employees by sex and economic activity (thousands)","LFS - EU Labour Force Survey","Sex: Male","Economic activity (Aggregate): Construction",,"2020Q3",203.3,,,"Frequency: Quarterly",
"Portugal","Employees by sex and economic activity (thousands)","LFS - EU Labour Force Survey","Sex: Female","Economic activity (Aggregate): Construction",,"2020Q3",23.1,,,"Frequency: Quarterly",
"Portugal","Employees by sex and economic activity (thousands)","LFS - EU Labour Force Survey","Sex: Male","Economic activity (Aggregate): Construction",,"2020Q2",206,,,"Frequency: Quarterly",
"Portugal","Employees by sex and economic activity (thousands)","LFS - EU Labour Force Survey","Sex: Female","Economic activity (Aggregate): Construction",,"2020Q2",14.1,,,"Frequency: Quarterly",
"Portugal","Employees by sex and economic activity (thousands)","LFS - EU Labour Force Survey","Sex: Male","Economic activity (Aggregate): Construction",,"2020Q1",220.6,,,"Frequency: Quarterly",
"Portugal","Employees by sex and economic activity (thousands)","LFS - EU Labour Force Survey","Sex: Female","Economic activity (Aggregate): Construction",,"2020Q1",12.7,,,"Frequency: Quarterly",
"Portugal","Employees by sex and economic activity (thousands)","LFS - EU Labour Force Survey","Sex: Male","Economic activity (Aggregate): Construction",,"2019Q4",208.8,,,"Frequency: Quarterly",
"Portugal","Employees by sex and economic activity (thousands)","LFS - EU Labour Force Survey","Sex: Female","Economic activity (Aggregate): Construction",,"2019Q4",15.3,,,"Frequency: Quarterly",
"Portugal","Employees by sex and economic activity (thousands)","LFS - EU Labour Force Survey","Sex: Male","Economic activity (Aggregate): Construction",,"2019Q3",214.2,,,"Frequency: Quarterly",
"Portugal","Employees by sex and economic activity (thousands)","LFS - EU Labour Force Survey","Sex: Female","Economic activity (Aggregate): Construction",,"2019Q3",16.8,,,"Frequency: Quarterly",
"Portugal","Employees by sex and economic activity (thousands)","LFS - EU Labour Force Survey","Sex: Male","Economic activity (Aggregate): Construction",,"2019Q2",213.2,,,"Frequency: Quarterly",
"Portugal","Employees by sex and economic activity (thousands)","LFS - EU Labour Force Survey","Sex: Female","Economic activity (Aggregate): Construction",,"2019Q2",18,,,"Frequency: Quarterly",
"Portugal","Employees by sex and economic activity (thousands)","LFS - EU Labour Force Survey","Sex: Male","Economic activity (Aggregate): Construction",,"2019Q1",208.8,,,"Frequency: Quarterly",
"Portugal","Employees by sex and economic activity (thousands)","LFS - EU Labour Force Survey","Sex: Female","Economic activity (Aggregate): Construction",,"2019Q1",19,,,"Frequency: Quarterly",
"Portugal","Employees by sex and economic activity (thousands)","LFS - EU Labour Force Survey","Sex: Male","Economic activity (Aggregate): Construction",,"2018Q4",207.9,,,"Frequency: Quarterly",
"Portugal","Employees by sex and economic activity (thousands)","LFS - EU Labour Force Survey","Sex: Female","Economic activity (Aggregate): Construction",,"2018Q4",19.3,,,"Frequency: Quarterly",
"Portugal","Employees by sex and economic activity (thousands)","LFS - EU Labour Force Survey","Sex: Male","Economic activity (Aggregate): Construction",,"2018Q3",219.1,,,"Frequency: Quarterly",
"Portugal","Employees by sex and economic activity (thousands)","LFS - EU Labour Force Survey","Sex: Female","Economic activity (Aggregate): Construction",,"2018Q3",17.5,,,"Frequency: Quarterly",
"Portugal","Employees by sex and economic activity (thousands)","LFS - EU Labour Force Survey","Sex: Male","Economic activity (Aggregate): Construction",,"2018Q2",223.9,,,"Frequency: Quarterly",
"Portugal","Employees by sex and economic activity (thousands)","LFS - EU Labour Force Survey","Sex: Female","Economic activity (Aggregate): Construction",,"2018Q2",19.4,,,"Frequency: Quarterly",
"Portugal","Employees by sex and economic activity (thousands)","LFS - EU Labour Force Survey","Sex: Male","Economic activity (Aggregate): Construction",,"2018Q1",211.8,,,"Frequency: Quarterly",
"Portugal","Employees by sex and economic activity (thousands)","LFS - EU Labour Force Survey","Sex: Female","Economic activity (Aggregate): Construction",,"2018Q1",19.4,,,"Frequency: Quarterly",
"Portugal","Employees by sex and economic activity (thousands)","LFS - EU Labour Force Survey","Sex: Male","Economic activity (Aggregate): Construction",,"2017Q4",215.9,,,"Frequency: Quarterly",
"Portugal","Employees by sex and economic activity (thousands)","LFS - EU Labour Force Survey","Sex: Female","Economic activity (Aggregate): Construction",,"2017Q4",19.4,,,"Frequency: Quarterly",
"Portugal","Employees by sex and economic activity (thousands)","LFS - EU Labour Force Survey","Sex: Male","Economic activity (Aggregate): Construction",,"2017Q3",205.1,,,"Frequency: Quarterly",
"Portugal","Employees by sex and economic activity (thousands)","LFS - EU Labour Force Survey","Sex: Female","Economic activity (Aggregate): Construction",,"2017Q3",14.3,,,"Frequency: Quarterly",
"Portugal","Employees by sex and economic activity (thousands)","LFS - EU Labour Force Survey","Sex: Male","Economic activity (Aggregate): Construction",,"2017Q2",211.1,,,"Frequency: Quarterly",
"Portugal","Employees by sex and economic activity (thousands)","LFS - EU Labour Force Survey","Sex: Female","Economic activity (Aggregate): Construction",,"2017Q2",17.8,,,"Frequency: Quarterly",
"Portugal","Employees by sex and economic activity (thousands)","LFS - EU Labour Force Survey","Sex: Male","Economic activity (Aggregate): Construction",,"2017Q1",208.2,,,"Frequency: Quarterly",
"Portugal","Employees by sex and economic activity (thousands)","LFS - EU Labour Force Survey","Sex: Female","Economic activity (Aggregate): Construction",,"2017Q1",20.6,,,"Frequency: Quarterly",
"Portugal","Employees by sex and economic activity (thousands)","LFS - EU Labour Force Survey","Sex: Male","Economic activity (Aggregate): Construction",,"2016Q4",209.8,,,"Frequency: Quarterly",
"Portugal","Employees by sex and economic activity (thousands)","LFS - EU Labour Force Survey","Sex: Female","Economic activity (Aggregate): Construction",,"2016Q4",18.9,,,"Frequency: Quarterly",
"Portugal","Employees by sex and economic activity (thousands)","LFS - EU Labour Force Survey","Sex: Male","Economic activity (Aggregate): Construction",,"2016Q3",196.5,,,"Frequency: Quarterly",
"Portugal","Employees by sex and economic activity (thousands)","LFS - EU Labour Force Survey","Sex: Female","Economic activity (Aggregate): Construction",,"2016Q3",16,,,"Frequency: Quarterly",
"Portugal","Employees by sex and economic activity (thousands)","LFS - EU Labour Force Survey","Sex: Male","Economic activity (Aggregate): Construction",,"2016Q2",199.2,,,"Frequency: Quarterly",
"Portugal","Employees by sex and economic activity (thousands)","LFS - EU Labour Force Survey","Sex: Female","Economic activity (Aggregate): Construction",,"2016Q2",17.3,,,"Frequency: Quarterly",
"Portugal","Employees by sex and economic activity (thousands)","LFS - EU Labour Force Survey","Sex: Male","Economic activity (Aggregate): Construction",,"2016Q1",201.8,,,"Frequency: Quarterly",
"Portugal","Employees by sex and economic activity (thousands)","LFS - EU Labour Force Survey","Sex: Female","Economic activity (Aggregate): Construction",,"2016Q1",15.8,,,"Frequency: Quarterly",
"Portugal","Employees by sex and economic activity (thousands)","LFS - EU Labour Force Survey","Sex: Male","Economic activity (Aggregate): Construction",,"2015Q4",200.4,,,"Frequency: Quarterly",
"Portugal","Employees by sex and economic activity (thousands)","LFS - EU Labour Force Survey","Sex: Female","Economic activity (Aggregate): Construction",,"2015Q4",17,,,"Frequency: Quarterly",
"Portugal","Employees by sex and economic activity (thousands)","LFS - EU Labour Force Survey","Sex: Male","Economic activity (Aggregate): Construction",,"2015Q3",193.3,,,"Frequency: Quarterly",
"Portugal","Employees by sex and economic activity (thousands)","LFS - EU Labour Force Survey","Sex: Female","Economic activity (Aggregate): Construction",,"2015Q3",18,,,"Frequency: Quarterly",
"Portugal","Employees by sex and economic activity (thousands)","LFS - EU Labour Force Survey","Sex: Male","Economic activity (Aggregate): Construction",,"2015Q2",196.2,,,"Frequency: Quarterly",
"Portugal","Employees by sex and economic activity (thousands)","LFS - EU Labour Force Survey","Sex: Female","Economic activity (Aggregate): Construction",,"2015Q2",12.8,,,"Frequency: Quarterly",
"Portugal","Employees by sex and economic activity (thousands)","LFS - EU Labour Force Survey","Sex: Male","Economic activity (Aggregate): Construction",,"2015Q1",191.7,,,"Frequency: Quarterly",
"Portugal","Employees by sex and economic activity (thousands)","LFS - EU Labour Force Survey","Sex: Female","Economic activity (Aggregate): Construction",,"2015Q1",14.9,,,"Frequency: Quarterly",
"Portugal","Employees by sex and economic activity (thousands)","LFS - EU Labour Force Survey","Sex: Male","Economic activity (Aggregate): Construction",,"2014Q4",195.6,,,"Frequency: Quarterly",
"Portugal","Employees by sex and economic activity (thousands)","LFS - EU Labour Force Survey","Sex: Female","Economic activity (Aggregate): Construction",,"2014Q4",15.3,,,"Frequency: Quarterly",
"Portugal","Employees by sex and economic activity (thousands)","LFS - EU Labour Force Survey","Sex: Male","Economic activity (Aggregate): Construction",,"2014Q3",207.8,,,"Frequency: Quarterly",
"Portugal","Employees by sex and economic activity (thousands)","LFS - EU Labour Force Survey","Sex: Female","Economic activity (Aggregate): Construction",,"2014Q3",13.4,,,"Frequency: Quarterly",
"Portugal","Employees by sex and economic activity (thousands)","LFS - EU Labour Force Survey","Sex: Male","Economic activity (Aggregate): Construction",,"2014Q2",192.2,,,"Frequency: Quarterly",
"Portugal","Employees by sex and economic activity (thousands)","LFS - EU Labour Force Survey","Sex: Female","Economic activity (Aggregate): Construction",,"2014Q2",13,,,"Frequency: Quarterly",
"Portugal","Employees by sex and economic activity (thousands)","LFS - EU Labour Force Survey","Sex: Male","Economic activity (Aggregate): Construction",,"2014Q1",200.8,,,"Frequency: Quarterly",
"Portugal","Employees by sex and economic activity (thousands)","LFS - EU Labour Force Survey","Sex: Female","Economic activity (Aggregate): Construction",,"2014Q1",14.9,,,"Frequency: Quarterly",
"Portugal","Employees by sex and economic activity (thousands)","LFS - EU Labour Force Survey","Sex: Male","Economic activity (Aggregate): Construction",,"2013Q4",206.9,,,"Frequency: Quarterly",
"Portugal","Employees by sex and economic activity (thousands)","LFS - EU Labour Force Survey","Sex: Female","Economic activity (Aggregate): Construction",,"2013Q4",15.1,,,"Frequency: Quarterly",
"Portugal","Employees by sex and economic activity (thousands)","LFS - EU Labour Force Survey","Sex: Male","Economic activity (Aggregate): Construction",,"2013Q3",195.6,,,"Frequency: Quarterly",
"Portugal","Employees by sex and economic activity (thousands)","LFS - EU Labour Force Survey","Sex: Female","Economic activity (Aggregate): Construction",,"2013Q3",15,,,"Frequency: Quarterly",
"Portugal","Employees by sex and economic activity (thousands)","LFS - EU Labour Force Survey","Sex: Male","Economic activity (Aggregate): Construction",,"2013Q2",207.1,,,"Frequency: Quarterly",
"Portugal","Employees by sex and economic activity (thousands)","LFS - EU Labour Force Survey","Sex: Female","Economic activity (Aggregate): Construction",,"2013Q2",14.8,,,"Frequency: Quarterly",
"Portugal","Employees by sex and economic activity (thousands)","LFS - EU Labour Force Survey","Sex: Male","Economic activity (Aggregate): Construction",,"2013Q1",219.8,,,"Frequency: Quarterly",
"Portugal","Employees by sex and economic activity (thousands)","LFS - EU Labour Force Survey","Sex: Female","Economic activity (Aggregate): Construction",,"2013Q1",15.7,,,"Frequency: Quarterly",
"Portugal","Employees by sex and economic activity (thousands)","LFS - EU Labour Force Survey","Sex: Male","Economic activity (Aggregate): Construction",,"2012Q4",216.5,,,"Frequency: Quarterly",
"Portugal","Employees by sex and economic activity (thousands)","LFS - EU Labour Force Survey","Sex: Female","Economic activity (Aggregate): Construction",,"2012Q4",15.9,,,"Frequency: Quarterly",
"Portugal","Employees by sex and economic activity (thousands)","LFS - EU Labour Force Survey","Sex: Male","Economic activity (Aggregate): Construction",,"2012Q3",252.7,,,"Frequency: Quarterly",
"Portugal","Employees by sex and economic activity (thousands)","LFS - EU Labour Force Survey","Sex: Female","Economic activity (Aggregate): Construction",,"2012Q3",16.4,,,"Frequency: Quarterly",
"Portugal","Employees by sex and economic activity (thousands)","LFS - EU Labour Force Survey","Sex: Male","Economic activity (Aggregate): Construction",,"2012Q2",261.5,,,"Frequency: Quarterly",
"Portugal","Employees by sex and economic activity (thousands)","LFS - EU Labour Force Survey","Sex: Female","Economic activity (Aggregate): Construction",,"2012Q2",19.1,,,"Frequency: Quarterly",
"Portugal","Employees by sex and economic activity (thousands)","LFS - EU Labour Force Survey","Sex: Male","Economic activity (Aggregate): Construction",,"2012Q1",264.8,,,"Frequency: Quarterly",
"Portugal","Employees by sex and economic activity (thousands)","LFS - EU Labour Force Survey","Sex: Female","Economic activity (Aggregate): Construction",,"2012Q1",14.1,,,"Frequency: Quarterly",
"Portugal","Employees by sex and economic activity (thousands)","LFS - EU Labour Force Survey","Sex: Male","Economic activity (Aggregate): Construction",,"2011Q4",289.7,,,"Frequency: Quarterly",
"Portugal","Employees by sex and economic activity (thousands)","LFS - EU Labour Force Survey","Sex: Female","Economic activity (Aggregate): Construction",,"2011Q4",21.2,,,"Frequency: Quarterly",
"Portugal","Employees by sex and economic activity (thousands)","LFS - EU Labour Force Survey","Sex: Male","Economic activity (Aggregate): Construction",,"2011Q3",311.4,,,"Frequency: Quarterly",
"Portugal","Employees by sex and economic activity (thousands)","LFS - EU Labour Force Survey","Sex: Female","Economic activity (Aggregate): Construction",,"2011Q3",19.3,,,"Frequency: Quarterly",
"Portugal","Employees by sex and economic activity (thousands)","LFS - EU Labour Force Survey","Sex: Male","Economic activity (Aggregate): Construction",,"2011Q2",317.2,,,"Frequency: Quarterly",
"Portugal","Employees by sex and economic activity (thousands)","LFS - EU Labour Force Survey","Sex: Female","Economic activity (Aggregate): Construction",,"2011Q2",27.8,,,"Frequency: Quarterly",
"Portugal","Employees by sex and economic activity (thousands)","LFS - EU Labour Force Survey","Sex: Male","Economic activity (Aggregate): Construction",,"2011Q1",311.5,"Break in series",,"Frequency: Quarterly | Break in series: Methodology revised",
"Portugal","Employees by sex and economic activity (thousands)","LFS - EU Labour Force Survey","Sex: Female","Economic activity (Aggregate): Construction",,"2011Q1",22.9,"Break in series",,"Frequency: Quarterly | Break in series: Methodology revised",
"Portugal","Employees by sex and economic activity (thousands)","LFS - EU Labour Force Survey","Sex: Male","Economic activity (Aggregate): Construction",,"2010Q4",346.5,,,"Frequency: Quarterly",
"Portugal","Employees by sex and economic activity (thousands)","LFS - EU Labour Force Survey","Sex: Female","Economic activity (Aggregate): Construction",,"2010Q4",24.5,,,"Frequency: Quarterly",
"Portugal","Employees by sex and economic activity (thousands)","LFS - EU Labour Force Survey","Sex: Male","Economic activity (Aggregate): Construction",,"2010Q3",349.1,,,"Frequency: Quarterly",
"Portugal","Employees by sex and economic activity (thousands)","LFS - EU Labour Force Survey","Sex: Female","Economic activity (Aggregate): Construction",,"2010Q3",27.5,,,"Frequency: Quarterly",
"Portugal","Employees by sex and economic activity (thousands)","LFS - EU Labour Force Survey","Sex: Male","Economic activity (Aggregate): Construction",,"2010Q2",340.4,,,"Frequency: Quarterly",
"Portugal","Employees by sex and economic activity (thousands)","LFS - EU Labour Force Survey","Sex: Female","Economic activity (Aggregate): Construction",,"2010Q2",26.4,,,"Frequency: Quarterly",
"Portugal","Employees by sex and economic activity (thousands)","LFS - EU Labour Force Survey","Sex: Male","Economic activity (Aggregate): Construction",,"2010Q1",334,,,"Frequency: Quarterly",
"Portugal","Employees by sex and economic activity (thousands)","LFS - EU Labour Force Survey","Sex: Female","Economic activity (Aggregate): Construction",,"2010Q1",25.1,,,"Frequency: Quarterly",
"Portugal","Employees by sex and economic activity (thousands)","LFS - EU Labour Force Survey","Sex: Male","Economic activity (Aggregate): Construction",,"2009Q4",346.1,,,"Frequency: Quarterly",
"Portugal","Employees by sex and economic activity (thousands)","LFS - EU Labour Force Survey","Sex: Female","Economic activity (Aggregate): Construction",,"2009Q4",22.1,,,"Frequency: Quarterly",
"Portugal","Employees by sex and economic activity (thousands)","LFS - EU Labour Force Survey","Sex: Male","Economic activity (Aggregate): Construction",,"2009Q3",351.3,,,"Frequency: Quarterly",
"Portugal","Employees by sex and economic activity (thousands)","LFS - EU Labour Force Survey","Sex: Female","Economic activity (Aggregate): Construction",,"2009Q3",22.3,,,"Frequency: Quarterly",
"Portugal","Employees by sex and economic activity (thousands)","LFS - EU Labour Force Survey","Sex: Male","Economic activity (Aggregate): Construction",,"2009Q2",355.3,,,"Frequency: Quarterly",
"Portugal","Employees by sex and economic activity (thousands)","LFS - EU Labour Force Survey","Sex: Female","Economic activity (Aggregate): Construction",,"2009Q2",20.8,,,"Frequency: Quarterly",
"Portugal","Employees by sex and economic activity (thousands)","LFS - EU Labour Force Survey","Sex: Male","Economic activity (Aggregate): Construction",,"2009Q1",356.6,,,"Frequency: Quarterly",
"Portugal","Employees by sex and economic activity (thousands)","LFS - EU Labour Force Survey","Sex: Female","Economic activity (Aggregate): Construction",,"2009Q1",18.6,,,"Frequency: Quarterly",
"Portugal","Employees by sex and economic activity (thousands)","LFS - EU Labour Force Survey","Sex: Male","Economic activity (Aggregate): Construction",,"2008Q4",375.5,,,"Frequency: Quarterly",
"Portugal","Employees by sex and economic activity (thousands)","LFS - EU Labour Force Survey","Sex: Female","Economic activity (Aggregate): Construction",,"2008Q4",19.9,,,"Frequency: Quarterly",
"Portugal","Employees by sex and economic activity (thousands)","LFS - EU Labour Force Survey","Sex: Male","Economic activity (Aggregate): Construction",,"2008Q3",401.4,,,"Frequency: Quarterly",
"Portugal","Employees by sex and economic activity (thousands)","LFS - EU Labour Force Survey","Sex: Female","Economic activity (Aggregate): Construction",,"2008Q3",16.5,,,"Frequency: Quarterly",
"Portugal","Employees by sex and economic activity (thousands)","LFS - EU Labour Force Survey","Sex: Male","Economic activity (Aggregate): Construction",,"2008Q2",398.6,,,"Frequency: Quarterly",
"Portugal","Employees by sex and economic activity (thousands)","LFS - EU Labour Force Survey","Sex: Female","Economic activity (Aggregate): Construction",,"2008Q2",15.9,,,"Frequency: Quarterly",
"Portugal","Employees by sex and economic activity (thousands)","LFS - EU Labour Force Survey","Sex: Male","Economic activity (Aggregate): Construction",,"2008Q1",405.4,"Break in series",,"Frequency: Quarterly | Break in series: Methodology revised",
"Portugal","Employees by sex and economic activity (thousands)","LFS - EU Labour Force Survey","Sex: Female","Economic activity (Aggregate): Construction",,"2008Q1",17.3,"Break in series",,"Frequency: Quarterly | Break in series: Methodology revised",
"Portugal","Employees by sex and economic activity (thousands)","LFS - EU Labour Force Survey","Sex: Male","Economic activity (Aggregate): Construction",,"2007Q4",422.8,,,"Frequency: Quarterly",
"Portugal","Employees by sex and economic activity (thousands)","LFS - EU Labour Force Survey","Sex: Female","Economic activity (Aggregate): Construction",,"2007Q4",17.5,,,"Frequency: Quarterly",
"Portugal","Employees by sex and economic activity (thousands)","LFS - EU Labour Force Survey","Sex: Male","Economic activity (Aggregate): Construction",,"2007Q3",413.1,,,"Frequency: Quarterly",
"Portugal","Employees by sex and economic activity (thousands)","LFS - EU Labour Force Survey","Sex: Female","Economic activity (Aggregate): Construction",,"2007Q3",18.4,,,"Frequency: Quarterly",
"Portugal","Employees by sex and economic activity (thousands)","LFS - EU Labour Force Survey","Sex: Male","Economic activity (Aggregate): Construction",,"2007Q2",395.6,,,"Frequency: Quarterly",
"Portugal","Employees by sex and economic activity (thousands)","LFS - EU Labour Force Survey","Sex: Female","Economic activity (Aggregate): Construction",,"2007Q2",23.1,,,"Frequency: Quarterly",
"Portugal","Employees by sex and economic activity (thousands)","LFS - EU Labour Force Survey","Sex: Male","Economic activity (Aggregate): Construction",,"2007Q1",396.4,,,"Frequency: Quarterly",
"Portugal","Employees by sex and economic activity (thousands)","LFS - EU Labour Force Survey","Sex: Female","Economic activity (Aggregate): Construction",,"2007Q1",20.9,,,"Frequency: Quarterly",
"Portugal","Employees by sex and economic activity (thousands)","LFS - EU Labour Force Survey","Sex: Male","Economic activity (Aggregate): Construction",,"2006Q4",402.8,,,"Frequency: Quarterly",
"Portugal","Employees by sex and economic activity (thousands)","LFS - EU Labour Force Survey","Sex: Female","Economic activity (Aggregate): Construction",,"2006Q4",19,,,"Frequency: Quarterly",
"Portugal","Employees by sex and economic activity (thousands)","LFS - EU Labour Force Survey","Sex: Male","Economic activity (Aggregate): Construction",,"2006Q3",398.7,,,"Frequency: Quarterly",
"Portugal","Employees by sex and economic activity (thousands)","LFS - EU Labour Force Survey","Sex: Female","Economic activity (Aggregate): Construction",,"2006Q3",19.1,,,"Frequency: Quarterly",
"Portugal","Employees by sex and economic activity (thousands)","LFS - EU Labour Force Survey","Sex: Male","Economic activity (Aggregate): Construction",,"2006Q2",392.9,,,"Frequency: Quarterly",
"Portugal","Employees by sex and economic activity (thousands)","LFS - EU Labour Force Survey","Sex: Female","Economic activity (Aggregate): Construction",,"2006Q2",19.3,,,"Frequency: Quarterly",
"Portugal","Employees by sex and economic activity (thousands)","LFS - EU Labour Force Survey","Sex: Male","Economic activity (Aggregate): Construction",,"2006Q1",390.6,,,"Frequency: Quarterly",
"Portugal","Employees by sex and economic activity (thousands)","LFS - EU Labour Force Survey","Sex: Female","Economic activity (Aggregate): Construction",,"2006Q1",20,,,"Frequency: Quarterly",
"Portugal","Employees by sex and economic activity (thousands)","LFS - EU Labour Force Survey","Sex: Male","Economic activity (Aggregate): Construction",,"2005Q4",395,,,"Frequency: Quarterly",
"Portugal","Employees by sex and economic activity (thousands)","LFS - EU Labour Force Survey","Sex: Female","Economic activity (Aggregate): Construction",,"2005Q4",20.5,,,"Frequency: Quarterly",
"Portugal","Employees by sex and economic activity (thousands)","LFS - EU Labour Force Survey","Sex: Male","Economic activity (Aggregate): Construction",,"2005Q3",401.2,,,"Frequency: Quarterly",
"Portugal","Employees by sex and economic activity (thousands)","LFS - EU Labour Force Survey","Sex: Female","Economic activity (Aggregate): Construction",,"2005Q3",20.6,,,"Frequency: Quarterly",
"Portugal","Employees by sex and economic activity (thousands)","LFS - EU Labour Force Survey","Sex: Male","Economic activity (Aggregate): Construction",,"2005Q2",382.8,,,"Frequency: Quarterly",
"Portugal","Employees by sex and economic activity (thousands)","LFS - EU Labour Force Survey","Sex: Female","Economic activity (Aggregate): Construction",,"2005Q2",19.2,,,"Frequency: Quarterly",
"Portugal","Employees by sex and economic activity (thousands)","LFS - EU Labour Force Survey","Sex: Male","Economic activity (Aggregate): Construction",,"2005Q1",368.8,"Break in series",,"Frequency: Quarterly | Break in series: Methodology revised",
"Portugal","Employees by sex and economic activity (thousands)","LFS - EU Labour Force Survey","Sex: Female","Economic activity (Aggregate): Construction",,"2005Q1",19,"Break in series",,"Frequency: Quarterly | Break in series: Methodology revised",
"Portugal","Employees by sex and economic activity (thousands)","LFS - EU Labour Force Survey","Sex: Male","Economic activity (Aggregate): Construction",,"2004Q4",364.2,,,"Frequency: Quarterly",
"Portugal","Employees by sex and economic activity (thousands)","LFS - EU Labour Force Survey","Sex: Female","Economic activity (Aggregate): Construction",,"2004Q4",19,,,"Frequency: Quarterly",
"Portugal","Employees by sex and economic activity (thousands)","LFS - EU Labour Force Survey","Sex: Male","Economic activity (Aggregate): Construction",,"2004Q3",371.4,,,"Frequency: Quarterly",
"Portugal","Employees by sex and economic activity (thousands)","LFS - EU Labour Force Survey","Sex: Female","Economic activity (Aggregate): Construction",,"2004Q3",19.3,,,"Frequency: Quarterly",
"Portugal","Employees by sex and economic activity (thousands)","LFS - EU Labour Force Survey","Sex: Male","Economic activity (Aggregate): Construction",,"2004Q2",383.8,,,"Frequency: Quarterly",
"Portugal","Employees by sex and economic activity (thousands)","LFS - EU Labour Force Survey","Sex: Female","Economic activity (Aggregate): Construction",,"2004Q2",19.9,,,"Frequency: Quarterly",
"Portugal","Employees by sex and economic activity (thousands)","LFS - EU Labour Force Survey","Sex: Male","Economic activity (Aggregate): Construction",,"2004Q1",383,,,"Frequency: Quarterly",
"Portugal","Employees by sex and economic activity (thousands)","LFS - EU Labour Force Survey","Sex: Female","Economic activity (Aggregate): Construction",,"2004Q1",20.5,,,"Frequency: Quarterly",
"Portugal","Employees by sex and economic activity (thousands)","LFS - EU Labour Force Survey","Sex: Male","Economic activity (Aggregate): Construction",,"2003Q4",394.8,,,"Frequency: Quarterly",
"Portugal","Employees by sex and economic activity (thousands)","LFS - EU Labour Force Survey","Sex: Female","Economic activity (Aggregate): Construction",,"2003Q4",21.1,,,"Frequency: Quarterly",
"Portugal","Employees by sex and economic activity (thousands)","LFS - EU Labour Force Survey","Sex: Male","Economic activity (Aggregate): Construction",,"2003Q3",413.9,,,"Frequency: Quarterly",
"Portugal","Employees by sex and economic activity (thousands)","LFS - EU Labour Force Survey","Sex: Female","Economic activity (Aggregate): Construction",,"2003Q3",19.4,,,"Frequency: Quarterly",
"Portugal","Employees by sex and economic activity (thousands)","LFS - EU Labour Force Survey","Sex: Male","Economic activity (Aggregate): Construction",,"2003Q2",427.6,,,"Frequency: Quarterly",
"Portugal","Employees by sex and economic activity (thousands)","LFS - EU Labour Force Survey","Sex: Female","Economic activity (Aggregate): Construction",,"2003Q2",18.8,,,"Frequency: Quarterly",
"Portugal","Employees by sex and economic activity (thousands)","LFS - EU Labour Force Survey","Sex: Male","Economic activity (Aggregate): Construction",,"2003Q1",411.9,,,"Frequency: Quarterly",
"Portugal","Employees by sex and economic activity (thousands)","LFS - EU Labour Force Survey","Sex: Female","Economic activity (Aggregate): Construction",,"2003Q1",19.8,,,"Frequency: Quarterly",
"Portugal","Employees by sex and economic activity (thousands)","LFS - EU Labour Force Survey","Sex: Male","Economic activity (Aggregate): Construction",,"2002Q4",442.5,,,"Frequency: Quarterly",
"Portugal","Employees by sex and economic activity (thousands)","LFS - EU Labour Force Survey","Sex: Female","Economic activity (Aggregate): Construction",,"2002Q4",21.9,,,"Frequency: Quarterly",
"Portugal","Employees by sex and economic activity (thousands)","LFS - EU Labour Force Survey","Sex: Male","Economic activity (Aggregate): Construction",,"2002Q3",455.6,,,"Frequency: Quarterly",
"Portugal","Employees by sex and economic activity (thousands)","LFS - EU Labour Force Survey","Sex: Female","Economic activity (Aggregate): Construction",,"2002Q3",19.7,,,"Frequency: Quarterly",
"Portugal","Employees by sex and economic activity (thousands)","LFS - EU Labour Force Survey","Sex: Male","Economic activity (Aggregate): Construction",,"2002Q2",431.9,,,"Frequency: Quarterly",
"Portugal","Employees by sex and economic activity (thousands)","LFS - EU Labour Force Survey","Sex: Female","Economic activity (Aggregate): Construction",,"2002Q2",20.9,,,"Frequency: Quarterly",
"Portugal","Employees by sex and economic activity (thousands)","LFS - EU Labour Force Survey","Sex: Male","Economic activity (Aggregate): Construction",,"2002Q1",432.2,,,"Frequency: Quarterly",
"Portugal","Employees by sex and economic activity (thousands)","LFS - EU Labour Force Survey","Sex: Female","Economic activity (Aggregate): Construction",,"2002Q1",19.2,,,"Frequency: Quarterly",
"Portugal","Employees by sex and economic activity (thousands)","LFS - EU Labour Force Survey","Sex: Male","Economic activity (Aggregate): Construction",,"2001Q4",416.3,,,"Frequency: Quarterly",
"Portugal","Employees by sex and economic activity (thousands)","LFS - EU Labour Force Survey","Sex: Female","Economic activity (Aggregate): Construction",,"2001Q4",19.9,,,"Frequency: Quarterly",
"Portugal","Employees by sex and economic activity (thousands)","LFS - EU Labour Force Survey","Sex: Male","Economic activity (Aggregate): Construction",,"2001Q3",406,,,"Frequency: Quarterly",
"Portugal","Employees by sex and economic activity (thousands)","LFS - EU Labour Force Survey","Sex: Female","Economic activity (Aggregate): Construction",,"2001Q3",19.9,,,"Frequency: Quarterly",
"Portugal","Employees by sex and economic activity (thousands)","LFS - EU Labour Force Survey","Sex: Male","Economic activity (Aggregate): Construction",,"2001Q2",403.9,,,"Frequency: Quarterly",
"Portugal","Employees by sex and economic activity (thousands)","LFS - EU Labour Force Survey","Sex: Female","Economic activity (Aggregate): Construction",,"2001Q2",16.9,,,"Frequency: Quarterly",
"Portugal","Employees by sex and economic activity (thousands)","LFS - EU Labour Force Survey","Sex: Male","Economic activity (Aggregate): Construction",,"2001Q1",417.8,,,"Frequency: Quarterly",
"Portugal","Employees by sex and economic activity (thousands)","LFS - EU Labour Force Survey","Sex: Female","Economic activity (Aggregate): Construction",,"2001Q1",21.5,,,"Frequency: Quarterly",
"Portugal","Employees by sex and economic activity (thousands)","LFS - EU Labour Force Survey","Sex: Male","Economic activity (Aggregate): Construction",,"2000Q4",430.3,,,"Frequency: Quarterly",
"Portugal","Employees by sex and economic activity (thousands)","LFS - EU Labour Force Survey","Sex: Female","Economic activity (Aggregate): Construction",,"2000Q4",20.4,,,"Frequency: Quarterly",
"Portugal","Employees by sex and economic activity (thousands)","LFS - EU Labour Force Survey","Sex: Male","Economic activity (Aggregate): Construction",,"2000Q3",434.3,,,"Frequency: Quarterly",
"Portugal","Employees by sex and economic activity (thousands)","LFS - EU Labour Force Survey","Sex: Female","Economic activity (Aggregate): Construction",,"2000Q3",20.6,,,"Frequency: Quarterly",
"Portugal","Employees by sex and economic activity (thousands)","LFS - EU Labour Force Survey","Sex: Male","Economic activity (Aggregate): Construction",,"2000Q2",422.8,,,"Frequency: Quarterly",
"Portugal","Employees by sex and economic activity (thousands)","LFS - EU Labour Force Survey","Sex: Female","Economic activity (Aggregate): Construction",,"2000Q2",21.4,,,"Frequency: Quarterly",
"Portugal","Employees by sex and economic activity (thousands)","LFS - EU Labour Force Survey","Sex: Male","Economic activity (Aggregate): Construction",,"2000Q1",417.8,,,"Frequency: Quarterly",
"Portugal","Employees by sex and economic activity (thousands)","LFS - EU Labour Force Survey","Sex: Female","Economic activity (Aggregate): Construction",,"2000Q1",18.9,,,"Frequency: Quarterly",
"Portugal","Employees by sex and occupation (thousands)","LFS - EU Labour Force Survey","Sex: Male","Occupation (Skill level): Skill levels 3 and 4 ~ high",,"2020Q4",776.4,,,"Frequency: Quarterly",
"Portugal","Employees by sex and occupation (thousands)","LFS - EU Labour Force Survey","Sex: Male","Occupation (Skill level): Skill level 2 ~ medium",,"2020Q4",1063.7,,,"Frequency: Quarterly",
"Portugal","Employees by sex and occupation (thousands)","LFS - EU Labour Force Survey","Sex: Male","Occupation (Skill level): Skill level 1 ~ low",,"2020Q4",89.4,,,"Frequency: Quarterly",
"Portugal","Employees by sex and occupation (thousands)","LFS - EU Labour Force Survey","Sex: Female","Occupation (Skill level): Skill levels 3 and 4 ~ high",,"2020Q4",885.4,,,"Frequency: Quarterly",
"Portugal","Employees by sex and occupation (thousands)","LFS - EU Labour Force Survey","Sex: Female","Occupation (Skill level): Skill level 2 ~ medium",,"2020Q4",945.9,,,"Frequency: Quarterly",
"Portugal","Employees by sex and occupation (thousands)","LFS - EU Labour Force Survey","Sex: Female","Occupation (Skill level): Skill level 1 ~ low",,"2020Q4",263.4,,,"Frequency: Quarterly",
"Portugal","Employees by sex and occupation (thousands)","LFS - EU Labour Force Survey","Sex: Male","Occupation (ISCO-08): 4. Clerical support workers",,"2020Q4",156.1,,,"Frequency: Quarterly",
"Portugal","Employees by sex and occupation (thousands)","LFS - EU Labour Force Survey","Sex: Female","Occupation (ISCO-08): 4. Clerical support workers",,"2020Q4",246.4,,,"Frequency: Quarterly",
"Portugal","Employees by sex and occupation (thousands)","LFS - EU Labour Force Survey","Sex: Male","Occupation (Skill level): Skill levels 3 and 4 ~ high",,"2020Q3",732.7,,,"Frequency: Quarterly",
"Portugal","Employees by sex and occupation (thousands)","LFS - EU Labour Force Survey","Sex: Male","Occupation (Skill level): Skill level 2 ~ medium",,"2020Q3",1085.7,,,"Frequency: Quarterly",
"Portugal","Employees by sex and occupation (thousands)","LFS - EU Labour Force Survey","Sex: Male","Occupation (Skill level): Skill level 1 ~ low",,"2020Q3",90.4,,,"Frequency: Quarterly",
"Portugal","Employees by sex and occupation (thousands)","LFS - EU Labour Force Survey","Sex: Female","Occupation (Skill level): Skill levels 3 and 4 ~ high",,"2020Q3",842,,,"Frequency: Quarterly",
"Portugal","Employees by sex and occupation (thousands)","LFS - EU Labour Force Survey","Sex: Female","Occupation (Skill level): Skill level 2 ~ medium",,"2020Q3",968.4,,,"Frequency: Quarterly",
"Portugal","Employees by sex and occupation (thousands)","LFS - EU Labour Force Survey","Sex: Female","Occupation (Skill level): Skill level 1 ~ low",,"2020Q3",267.2,,,"Frequency: Quarterly",
"Portugal","Employees by sex and occupation (thousands)","LFS - EU Labour Force Survey","Sex: Male","Occupation (ISCO-08): 4. Clerical support workers",,"2020Q3",157.5,,,"Frequency: Quarterly",
"Portugal","Employees by sex and occupation (thousands)","LFS - EU Labour Force Survey","Sex: Female","Occupation (ISCO-08): 4. Clerical support workers",,"2020Q3",248,,,"Frequency: Quarterly",
"Portugal","Employees by sex and occupation (thousands)","LFS - EU Labour Force Survey","Sex: Male","Occupation (Skill level): Skill levels 3 and 4 ~ high",,"2020Q2",701.6,,,"Frequency: Quarterly",
"Portugal","Employees by sex and occupation (thousands)","LFS - EU Labour Force Survey","Sex: Male","Occupation (Skill level): Skill level 2 ~ medium",,"2020Q2",1081.3,,,"Frequency: Quarterly",
"Portugal","Employees by sex and occupation (thousands)","LFS - EU Labour Force Survey","Sex: Male","Occupation (Skill level): Skill level 1 ~ low",,"2020Q2",108,,,"Frequency: Quarterly",
"Portugal","Employees by sex and occupation (thousands)","LFS - EU Labour Force Survey","Sex: Female","Occupation (Skill level): Skill levels 3 and 4 ~ high",,"2020Q2",808.3,,,"Frequency: Quarterly",
"Portugal","Employees by sex and occupation (thousands)","LFS - EU Labour Force Survey","Sex: Female","Occupation (Skill level): Skill level 2 ~ medium",,"2020Q2",959.5,,,"Frequency: Quarterly",
"Portugal","Employees by sex and occupation (thousands)","LFS - EU Labour Force Survey","Sex: Female","Occupation (Skill level): Skill level 1 ~ low",,"2020Q2",258.4,,,"Frequency: Quarterly",
"Portugal","Employees by sex and occupation (thousands)","LFS - EU Labour Force Survey","Sex: Male","Occupation (ISCO-08): 4. Clerical support workers",,"2020Q2",152.1,,,"Frequency: Quarterly",
"Portugal","Employees by sex and occupation (thousands)","LFS - EU Labour Force Survey","Sex: Female","Occupation (ISCO-08): 4. Clerical support workers",,"2020Q2",258.7,,,"Frequency: Quarterly",
"Portugal","Employees by sex and occupation (thousands)","LFS - EU Labour Force Survey","Sex: Male","Occupation (Skill level): Skill levels 3 and 4 ~ high",,"2020Q1",690.6,,,"Frequency: Quarterly",
"Portugal","Employees by sex and occupation (thousands)","LFS - EU Labour Force Survey","Sex: Male","Occupation (Skill level): Skill level 2 ~ medium",,"2020Q1",1134.1,,,"Frequency: Quarterly",
"Portugal","Employees by sex and occupation (thousands)","LFS - EU Labour Force Survey","Sex: Male","Occupation (Skill level): Skill level 1 ~ low",,"2020Q1",124.5,,,"Frequency: Quarterly",
"Portugal","Employees by sex and occupation (thousands)","LFS - EU Labour Force Survey","Sex: Female","Occupation (Skill level): Skill levels 3 and 4 ~ high",,"2020Q1",796.4,,,"Frequency: Quarterly",
"Portugal","Employees by sex and occupation (thousands)","LFS - EU Labour Force Survey","Sex: Female","Occupation (Skill level): Skill level 2 ~ medium",,"2020Q1",1003.7,,,"Frequency: Quarterly",
"Portugal","Employees by sex and occupation (thousands)","LFS - EU Labour Force Survey","Sex: Female","Occupation (Skill level): Skill level 1 ~ low",,"2020Q1",279.9,,,"Frequency: Quarterly",
"Portugal","Employees by sex and occupation (thousands)","LFS - EU Labour Force Survey","Sex: Male","Occupation (ISCO-08): 4. Clerical support workers",,"2020Q1",140,,,"Frequency: Quarterly",
"Portugal","Employees by sex and occupation (thousands)","LFS - EU Labour Force Survey","Sex: Female","Occupation (ISCO-08): 4. Clerical support workers",,"2020Q1",261.7,,,"Frequency: Quarterly",
"Portugal","Employees by sex and occupation (thousands)","LFS - EU Labour Force Survey","Sex: Male","Occupation (Skill level): Skill levels 3 and 4 ~ high",,"2019Q4",689.3,,,"Frequency: Quarterly",
"Portugal","Employees by sex and occupation (thousands)","LFS - EU Labour Force Survey","Sex: Male","Occupation (Skill level): Skill level 2 ~ medium",,"2019Q4",1150.5,,,"Frequency: Quarterly",
"Portugal","Employees by sex and occupation (thousands)","LFS - EU Labour Force Survey","Sex: Male","Occupation (Skill level): Skill level 1 ~ low",,"2019Q4",123.5,,,"Frequency: Quarterly",
"Portugal","Employees by sex and occupation (thousands)","LFS - EU Labour Force Survey","Sex: Female","Occupation (Skill level): Skill levels 3 and 4 ~ high",,"2019Q4",775.1,,,"Frequency: Quarterly",
"Portugal","Employees by sex and occupation (thousands)","LFS - EU Labour Force Survey","Sex: Female","Occupation (Skill level): Skill level 2 ~ medium",,"2019Q4",1027.3,,,"Frequency: Quarterly",
"Portugal","Employees by sex and occupation (thousands)","LFS - EU Labour Force Survey","Sex: Female","Occupation (Skill level): Skill level 1 ~ low",,"2019Q4",294.5,,,"Frequency: Quarterly",
"Portugal","Employees by sex and occupation (thousands)","LFS - EU Labour Force Survey","Sex: Male","Occupation (ISCO-08): 4. Clerical support workers",,"2019Q4",160.2,,,"Frequency: Quarterly",
"Portugal","Employees by sex and occupation (thousands)","LFS - EU Labour Force Survey","Sex: Female","Occupation (ISCO-08): 4. Clerical support workers",,"2019Q4",268.5,,,"Frequency: Quarterly",
"Portugal","Employees by sex and occupation (thousands)","LFS - EU Labour Force Survey","Sex: Male","Occupation (Skill level): Skill levels 3 and 4 ~ high",,"2019Q3",698.3,,,"Frequency: Quarterly",
"Portugal","Employees by sex and occupation (thousands)","LFS - EU Labour Force Survey","Sex: Male","Occupation (Skill level): Skill level 2 ~ medium",,"2019Q3",1166.1,,,"Frequency: Quarterly",
"Portugal","Employees by sex and occupation (thousands)","LFS - EU Labour Force Survey","Sex: Male","Occupation (Skill level): Skill level 1 ~ low",,"2019Q3",134.6,,,"Frequency: Quarterly",
"Portugal","Employees by sex and occupation (thousands)","LFS - EU Labour Force Survey","Sex: Female","Occupation (Skill level): Skill levels 3 and 4 ~ high",,"2019Q3",761.1,,,"Frequency: Quarterly",
"Portugal","Employees by sex and occupation (thousands)","LFS - EU Labour Force Survey","Sex: Female","Occupation (Skill level): Skill level 2 ~ medium",,"2019Q3",1039.2,,,"Frequency: Quarterly",
"Portugal","Employees by sex and occupation (thousands)","LFS - EU Labour Force Survey","Sex: Female","Occupation (Skill level): Skill level 1 ~ low",,"2019Q3",304.7,,,"Frequency: Quarterly",
"Portugal","Employees by sex and occupation (thousands)","LFS - EU Labour Force Survey","Sex: Male","Occupation (ISCO-08): 4. Clerical support workers",,"2019Q3",155.5,,,"Frequency: Quarterly",
"Portugal","Employees by sex and occupation (thousands)","LFS - EU Labour Force Survey","Sex: Female","Occupation (ISCO-08): 4. Clerical support workers",,"2019Q3",270.1,,,"Frequency: Quarterly",
"Portugal","Employees by sex and occupation (thousands)","LFS - EU Labour Force Survey","Sex: Male","Occupation (Skill level): Skill levels 3 and 4 ~ high",,"2019Q2",695.7,,,"Frequency: Quarterly",
"Portugal","Employees by sex and occupation (thousands)","LFS - EU Labour Force Survey","Sex: Male","Occupation (Skill level): Skill level 2 ~ medium",,"2019Q2",1140.6,,,"Frequency: Quarterly",
"Portugal","Employees by sex and occupation (thousands)","LFS - EU Labour Force Survey","Sex: Male","Occupation (Skill level): Skill level 1 ~ low",,"2019Q2",118.9,,,"Frequency: Quarterly",
"Portugal","Employees by sex and occupation (thousands)","LFS - EU Labour Force Survey","Sex: Female","Occupation (Skill level): Skill levels 3 and 4 ~ high",,"2019Q2",790.7,,,"Frequency: Quarterly",
"Portugal","Employees by sex and occupation (thousands)","LFS - EU Labour Force Survey","Sex: Female","Occupation (Skill level): Skill level 2 ~ medium",,"2019Q2",1016.9,,,"Frequency: Quarterly",
"Portugal","Employees by sex and occupation (thousands)","LFS - EU Labour Force Survey","Sex: Female","Occupation (Skill level): Skill level 1 ~ low",,"2019Q2",300.5,,,"Frequency: Quarterly",
"Portugal","Employees by sex and occupation (thousands)","LFS - EU Labour Force Survey","Sex: Male","Occupation (ISCO-08): 4. Clerical support workers",,"2019Q2",138.8,,,"Frequency: Quarterly",
"Portugal","Employees by sex and occupation (thousands)","LFS - EU Labour Force Survey","Sex: Female","Occupation (ISCO-08): 4. Clerical support workers",,"2019Q2",261.3,,,"Frequency: Quarterly",
"Portugal","Employees by sex and occupation (thousands)","LFS - EU Labour Force Survey","Sex: Male","Occupation (Skill level): Skill levels 3 and 4 ~ high",,"2019Q1",684.7,,,"Frequency: Quarterly",
"Portugal","Employees by sex and occupation (thousands)","LFS - EU Labour Force Survey","Sex: Male","Occupation (Skill level): Skill level 2 ~ medium",,"2019Q1",1135.4,,,"Frequency: Quarterly",
"Portugal","Employees by sex and occupation (thousands)","LFS - EU Labour Force Survey","Sex: Male","Occupation (Skill level): Skill level 1 ~ low",,"2019Q1",122.8,,,"Frequency: Quarterly",
"Portugal","Employees by sex and occupation (thousands)","LFS - EU Labour Force Survey","Sex: Female","Occupation (Skill level): Skill levels 3 and 4 ~ high",,"2019Q1",791.7,,,"Frequency: Quarterly",
"Portugal","Employees by sex and occupation (thousands)","LFS - EU Labour Force Survey","Sex: Female","Occupation (Skill level): Skill level 2 ~ medium",,"2019Q1",993.6,,,"Frequency: Quarterly",
"Portugal","Employees by sex and occupation (thousands)","LFS - EU Labour Force Survey","Sex: Female","Occupation (Skill level): Skill level 1 ~ low",,"2019Q1",290,,,"Frequency: Quarterly",
"Portugal","Employees by sex and occupation (thousands)","LFS - EU Labour Force Survey","Sex: Male","Occupation (ISCO-08): 4. Clerical support workers",,"2019Q1",129.4,,,"Frequency: Quarterly",
"Portugal","Employees by sex and occupation (thousands)","LFS - EU Labour Force Survey","Sex: Female","Occupation (ISCO-08): 4. Clerical support workers",,"2019Q1",250,,,"Frequency: Quarterly",
"Portugal","Employees by sex and occupation (thousands)","LFS - EU Labour Force Survey","Sex: Male","Occupation (Skill level): Skill levels 3 and 4 ~ high",,"2018Q4",666.7,,,"Frequency: Quarterly",
"Portugal","Employees by sex and occupation (thousands)","LFS - EU Labour Force Survey","Sex: Male","Occupation (Skill level): Skill level 2 ~ medium",,"2018Q4",1147.3,,,"Frequency: Quarterly",
"Portugal","Employees by sex and occupation (thousands)","LFS - EU Labour Force Survey","Sex: Male","Occupation (Skill level): Skill level 1 ~ low",,"2018Q4",135.3,,,"Frequency: Quarterly",
"Portugal","Employees by sex and occupation (thousands)","LFS - EU Labour Force Survey","Sex: Female","Occupation (Skill level): Skill levels 3 and 4 ~ high",,"2018Q4",809.4,,,"Frequency: Quarterly",
"Portugal","Employees by sex and occupation (thousands)","LFS - EU Labour Force Survey","Sex: Female","Occupation (Skill level): Skill level 2 ~ medium",,"2018Q4",959.1,,,"Frequency: Quarterly",
"Portugal","Employees by sex and occupation (thousands)","LFS - EU Labour Force Survey","Sex: Female","Occupation (Skill level): Skill level 1 ~ low",,"2018Q4",311,,,"Frequency: Quarterly",
"Portugal","Employees by sex and occupation (thousands)","LFS - EU Labour Force Survey","Sex: Male","Occupation (ISCO-08): 4. Clerical support workers",,"2018Q4",134.7,,,"Frequency: Quarterly",
"Portugal","Employees by sex and occupation (thousands)","LFS - EU Labour Force Survey","Sex: Female","Occupation (ISCO-08): 4. Clerical support workers",,"2018Q4",228.2,,,"Frequency: Quarterly",
"Portugal","Employees by sex and occupation (thousands)","LFS - EU Labour Force Survey","Sex: Male","Occupation (Skill level): Skill levels 3 and 4 ~ high",,"2018Q3",654.6,,,"Frequency: Quarterly",
"Portugal","Employees by sex and occupation (thousands)","LFS - EU Labour Force Survey","Sex: Male","Occupation (Skill level): Skill level 2 ~ medium",,"2018Q3",1159.1,,,"Frequency: Quarterly",
"Portugal","Employees by sex and occupation (thousands)","LFS - EU Labour Force Survey","Sex: Male","Occupation (Skill level): Skill level 1 ~ low",,"2018Q3",140.8,,,"Frequency: Quarterly",
"Portugal","Employees by sex and occupation (thousands)","LFS - EU Labour Force Survey","Sex: Female","Occupation (Skill level): Skill levels 3 and 4 ~ high",,"2018Q3",781.7,,,"Frequency: Quarterly",
"Portugal","Employees by sex and occupation (thousands)","LFS - EU Labour Force Survey","Sex: Female","Occupation (Skill level): Skill level 2 ~ medium",,"2018Q3",1006.2,,,"Frequency: Quarterly",
"Portugal","Employees by sex and occupation (thousands)","LFS - EU Labour Force Survey","Sex: Female","Occupation (Skill level): Skill level 1 ~ low",,"2018Q3",321.8,,,"Frequency: Quarterly",
"Portugal","Employees by sex and occupation (thousands)","LFS - EU Labour Force Survey","Sex: Male","Occupation (ISCO-08): 4. Clerical support workers",,"2018Q3",138,,,"Frequency: Quarterly",
"Portugal","Employees by sex and occupation (thousands)","LFS - EU Labour Force Survey","Sex: Female","Occupation (ISCO-08): 4. Clerical support workers",,"2018Q3",255.5,,,"Frequency: Quarterly",
"Portugal","Employees by sex and occupation (thousands)","LFS - EU Labour Force Survey","Sex: Male","Occupation (Skill level): Skill levels 3 and 4 ~ high",,"2018Q2",669.4,,,"Frequency: Quarterly",
"Portugal","Employees by sex and occupation (thousands)","LFS - EU Labour Force Survey","Sex: Male","Occupation (Skill level): Skill level 2 ~ medium",,"2018Q2",1151,,,"Frequency: Quarterly",
"Portugal","Employees by sex and occupation (thousands)","LFS - EU Labour Force Survey","Sex: Male","Occupation (Skill level): Skill level 1 ~ low",,"2018Q2",143.7,,,"Frequency: Quarterly",
"Portugal","Employees by sex and occupation (thousands)","LFS - EU Labour Force Survey","Sex: Female","Occupation (Skill level): Skill levels 3 and 4 ~ high",,"2018Q2",806.6,,,"Frequency: Quarterly",
"Portugal","Employees by sex and occupation (thousands)","LFS - EU Labour Force Survey","Sex: Female","Occupation (Skill level): Skill level 2 ~ medium",,"2018Q2",949.4,,,"Frequency: Quarterly",
"Portugal","Employees by sex and occupation (thousands)","LFS - EU Labour Force Survey","Sex: Female","Occupation (Skill level): Skill level 1 ~ low",,"2018Q2",324.4,,,"Frequency: Quarterly",
"Portugal","Employees by sex and occupation (thousands)","LFS - EU Labour Force Survey","Sex: Male","Occupation (ISCO-08): 4. Clerical support workers",,"2018Q2",125.8,,,"Frequency: Quarterly",
"Portugal","Employees by sex and occupation (thousands)","LFS - EU Labour Force Survey","Sex: Female","Occupation (ISCO-08): 4. Clerical support workers",,"2018Q2",233.1,,,"Frequency: Quarterly",
"Portugal","Employees by sex and occupation (thousands)","LFS - EU Labour Force Survey","Sex: Male","Occupation (Skill level): Skill levels 3 and 4 ~ high",,"2018Q1",660.6,,,"Frequency: Quarterly",
"Portugal","Employees by sex and occupation (thousands)","LFS - EU Labour Force Survey","Sex: Male","Occupation (Skill level): Skill level 2 ~ medium",,"2018Q1",1131.8,,,"Frequency: Quarterly",
"Portugal","Employees by sex and occupation (thousands)","LFS - EU Labour Force Survey","Sex: Male","Occupation (Skill level): Skill level 1 ~ low",,"2018Q1",143.2,,,"Frequency: Quarterly",
"Portugal","Employees by sex and occupation (thousands)","LFS - EU Labour Force Survey","Sex: Female","Occupation (Skill level): Skill levels 3 and 4 ~ high",,"2018Q1",807.5,,,"Frequency: Quarterly",
"Portugal","Employees by sex and occupation (thousands)","LFS - EU Labour Force Survey","Sex: Female","Occupation (Skill level): Skill level 2 ~ medium",,"2018Q1",921.5,,,"Frequency: Quarterly",
"Portugal","Employees by sex and occupation (thousands)","LFS - EU Labour Force Survey","Sex: Female","Occupation (Skill level): Skill level 1 ~ low",,"2018Q1",327.2,,,"Frequency: Quarterly",
"Portugal","Employees by sex and occupation (thousands)","LFS - EU Labour Force Survey","Sex: Male","Occupation (ISCO-08): 4. Clerical support workers",,"2018Q1",123.9,,,"Frequency: Quarterly",
"Portugal","Employees by sex and occupation (thousands)","LFS - EU Labour Force Survey","Sex: Female","Occupation (ISCO-08): 4. Clerical support workers",,"2018Q1",213.7,,,"Frequency: Quarterly",
"Portugal","Employees by sex and occupation (thousands)","LFS - EU Labour Force Survey","Sex: Male","Occupation (Skill level): Skill levels 3 and 4 ~ high",,"2017Q4",655.9,,,"Frequency: Quarterly",
"Portugal","Employees by sex and occupation (thousands)","LFS - EU Labour Force Survey","Sex: Male","Occupation (Skill level): Skill level 2 ~ medium",,"2017Q4",1133.7,,,"Frequency: Quarterly",
"Portugal","Employees by sex and occupation (thousands)","LFS - EU Labour Force Survey","Sex: Male","Occupation (Skill level): Skill level 1 ~ low",,"2017Q4",145.7,,,"Frequency: Quarterly",
"Portugal","Employees by sex and occupation (thousands)","LFS - EU Labour Force Survey","Sex: Female","Occupation (Skill level): Skill levels 3 and 4 ~ high",,"2017Q4",792.8,,,"Frequency: Quarterly",
"Portugal","Employees by sex and occupation (thousands)","LFS - EU Labour Force Survey","Sex: Female","Occupation (Skill level): Skill level 2 ~ medium",,"2017Q4",912.3,,,"Frequency: Quarterly",
"Portugal","Employees by sex and occupation (thousands)","LFS - EU Labour Force Survey","Sex: Female","Occupation (Skill level): Skill level 1 ~ low",,"2017Q4",349.1,,,"Frequency: Quarterly",
"Portugal","Employees by sex and occupation (thousands)","LFS - EU Labour Force Survey","Sex: Male","Occupation (ISCO-08): 4. Clerical support workers",,"2017Q4",125.1,,,"Frequency: Quarterly",
"Portugal","Employees by sex and occupation (thousands)","LFS - EU Labour Force Survey","Sex: Female","Occupation (ISCO-08): 4. Clerical support workers",,"2017Q4",219.6,,,"Frequency: Quarterly",
"Portugal","Employees by sex and occupation (thousands)","LFS - EU Labour Force Survey","Sex: Male","Occupation (Skill level): Skill levels 3 and 4 ~ high",,"2017Q3",662,,,"Frequency: Quarterly",
"Portugal","Employees by sex and occupation (thousands)","LFS - EU Labour Force Survey","Sex: Male","Occupation (Skill level): Skill level 2 ~ medium",,"2017Q3",1125.8,,,"Frequency: Quarterly",
"Portugal","Employees by sex and occupation (thousands)","LFS - EU Labour Force Survey","Sex: Male","Occupation (Skill level): Skill level 1 ~ low",,"2017Q3",149.9,,,"Frequency: Quarterly",
"Portugal","Employees by sex and occupation (thousands)","LFS - EU Labour Force Survey","Sex: Female","Occupation (Skill level): Skill levels 3 and 4 ~ high",,"2017Q3",751.3,,,"Frequency: Quarterly",
"Portugal","Employees by sex and occupation (thousands)","LFS - EU Labour Force Survey","Sex: Female","Occupation (Skill level): Skill level 2 ~ medium",,"2017Q3",943.3,,,"Frequency: Quarterly",
"Portugal","Employees by sex and occupation (thousands)","LFS - EU Labour Force Survey","Sex: Female","Occupation (Skill level): Skill level 1 ~ low",,"2017Q3",345.9,,,"Frequency: Quarterly",
"Portugal","Employees by sex and occupation (thousands)","LFS - EU Labour Force Survey","Sex: Male","Occupation (ISCO-08): 4. Clerical support workers",,"2017Q3",130.5,,,"Frequency: Quarterly",
"Portugal","Employees by sex and occupation (thousands)","LFS - EU Labour Force Survey","Sex: Female","Occupation (ISCO-08): 4. Clerical support workers",,"2017Q3",244.8,,,"Frequency: Quarterly",
"Portugal","Employees by sex and occupation (thousands)","LFS - EU Labour Force Survey","Sex: Male","Occupation (Skill level): Skill levels 3 and 4 ~ high",,"2017Q2",640.8,,,"Frequency: Quarterly",
"Portugal","Employees by sex and occupation (thousands)","LFS - EU Labour Force Survey","Sex: Male","Occupation (Skill level): Skill level 2 ~ medium",,"2017Q2",1117.5,,,"Frequency: Quarterly",
"Portugal","Employees by sex and occupation (thousands)","LFS - EU Labour Force Survey","Sex: Male","Occupation (Skill level): Skill level 1 ~ low",,"2017Q2",144.4,,,"Frequency: Quarterly",
"Portugal","Employees by sex and occupation (thousands)","LFS - EU Labour Force Survey","Sex: Female","Occupation (Skill level): Skill levels 3 and 4 ~ high",,"2017Q2",755.1,,,"Frequency: Quarterly",
"Portugal","Employees by sex and occupation (thousands)","LFS - EU Labour Force Survey","Sex: Female","Occupation (Skill level): Skill level 2 ~ medium",,"2017Q2",910,,,"Frequency: Quarterly",
"Portugal","Employees by sex and occupation (thousands)","LFS - EU Labour Force Survey","Sex: Female","Occupation (Skill level): Skill level 1 ~ low",,"2017Q2",343.3,,,"Frequency: Quarterly",
"Portugal","Employees by sex and occupation (thousands)","LFS - EU Labour Force Survey","Sex: Male","Occupation (ISCO-08): 4. Clerical support workers",,"2017Q2",140.7,,,"Frequency: Quarterly",
"Portugal","Employees by sex and occupation (thousands)","LFS - EU Labour Force Survey","Sex: Female","Occupation (ISCO-08): 4. Clerical support workers",,"2017Q2",230.6,,,"Frequency: Quarterly",
"Portugal","Employees by sex and occupation (thousands)","LFS - EU Labour Force Survey","Sex: Male","Occupation (Skill level): Skill levels 3 and 4 ~ high",,"2017Q1",646.3,,,"Frequency: Quarterly",
"Portugal","Employees by sex and occupation (thousands)","LFS - EU Labour Force Survey","Sex: Male","Occupation (Skill level): Skill level 2 ~ medium",,"2017Q1",1068.9,,,"Frequency: Quarterly",
"Portugal","Employees by sex and occupation (thousands)","LFS - EU Labour Force Survey","Sex: Male","Occupation (Skill level): Skill level 1 ~ low",,"2017Q1",151.4,,,"Frequency: Quarterly",
"Portugal","Employees by sex and occupation (thousands)","LFS - EU Labour Force Survey","Sex: Female","Occupation (Skill level): Skill levels 3 and 4 ~ high",,"2017Q1",756.2,,,"Frequency: Quarterly",
"Portugal","Employees by sex and occupation (thousands)","LFS - EU Labour Force Survey","Sex: Female","Occupation (Skill level): Skill level 2 ~ medium",,"2017Q1",879.9,,,"Frequency: Quarterly",
"Portugal","Employees by sex and occupation (thousands)","LFS - EU Labour Force Survey","Sex: Female","Occupation (Skill level): Skill level 1 ~ low",,"2017Q1",333.5,,,"Frequency: Quarterly",
"Portugal","Employees by sex and occupation (thousands)","LFS - EU Labour Force Survey","Sex: Male","Occupation (ISCO-08): 4. Clerical support workers",,"2017Q1",131.8,,,"Frequency: Quarterly",
"Portugal","Employees by sex and occupation (thousands)","LFS - EU Labour Force Survey","Sex: Female","Occupation (ISCO-08): 4. Clerical support workers",,"2017Q1",223.5,,,"Frequency: Quarterly",
"Portugal","Employees by sex and occupation (thousands)","LFS - EU Labour Force Survey","Sex: Male","Occupation (Skill level): Skill levels 3 and 4 ~ high",,"2016Q4",652.8,,,"Frequency: Quarterly",
"Portugal","Employees by sex and occupation (thousands)","LFS - EU Labour Force Survey","Sex: Male","Occupation (Skill level): Skill level 2 ~ medium",,"2016Q4",1060.1,,,"Frequency: Quarterly",
"Portugal","Employees by sex and occupation (thousands)","LFS - EU Labour Force Survey","Sex: Male","Occupation (Skill level): Skill level 1 ~ low",,"2016Q4",136.1,,,"Frequency: Quarterly",
"Portugal","Employees by sex and occupation (thousands)","LFS - EU Labour Force Survey","Sex: Female","Occupation (Skill level): Skill levels 3 and 4 ~ high",,"2016Q4",748.2,,,"Frequency: Quarterly",
"Portugal","Employees by sex and occupation (thousands)","LFS - EU Labour Force Survey","Sex: Female","Occupation (Skill level): Skill level 2 ~ medium",,"2016Q4",888.1,,,"Frequency: Quarterly",
"Portugal","Employees by sex and occupation (thousands)","LFS - EU Labour Force Survey","Sex: Female","Occupation (Skill level): Skill level 1 ~ low",,"2016Q4",331,,,"Frequency: Quarterly",
"Portugal","Employees by sex and occupation (thousands)","LFS - EU Labour Force Survey","Sex: Male","Occupation (ISCO-08): 4. Clerical support workers",,"2016Q4",122.3,,,"Frequency: Quarterly",
"Portugal","Employees by sex and occupation (thousands)","LFS - EU Labour Force Survey","Sex: Female","Occupation (ISCO-08): 4. Clerical support workers",,"2016Q4",227.9,,,"Frequency: Quarterly",
"Portugal","Employees by sex and occupation (thousands)","LFS - EU Labour Force Survey","Sex: Male","Occupation (Skill level): Skill levels 3 and 4 ~ high",,"2016Q3",644.5,,,"Frequency: Quarterly",
"Portugal","Employees by sex and occupation (thousands)","LFS - EU Labour Force Survey","Sex: Male","Occupation (Skill level): Skill level 2 ~ medium",,"2016Q3",1062.5,,,"Frequency: Quarterly",
"Portugal","Employees by sex and occupation (thousands)","LFS - EU Labour Force Survey","Sex: Male","Occupation (Skill level): Skill level 1 ~ low",,"2016Q3",141.7,,,"Frequency: Quarterly",
"Portugal","Employees by sex and occupation (thousands)","LFS - EU Labour Force Survey","Sex: Female","Occupation (Skill level): Skill levels 3 and 4 ~ high",,"2016Q3",725.5,,,"Frequency: Quarterly",
"Portugal","Employees by sex and occupation (thousands)","LFS - EU Labour Force Survey","Sex: Female","Occupation (Skill level): Skill level 2 ~ medium",,"2016Q3",896.7,,,"Frequency: Quarterly",
"Portugal","Employees by sex and occupation (thousands)","LFS - EU Labour Force Survey","Sex: Female","Occupation (Skill level): Skill level 1 ~ low",,"2016Q3",332.6,,,"Frequency: Quarterly",
"Portugal","Employees by sex and occupation (thousands)","LFS - EU Labour Force Survey","Sex: Male","Occupation (ISCO-08): 4. Clerical support workers",,"2016Q3",118,,,"Frequency: Quarterly",
"Portugal","Employees by sex and occupation (thousands)","LFS - EU Labour Force Survey","Sex: Female","Occupation (ISCO-08): 4. Clerical support workers",,"2016Q3",230.8,,,"Frequency: Quarterly",
"Portugal","Employees by sex and occupation (thousands)","LFS - EU Labour Force Survey","Sex: Male","Occupation (Skill level): Skill levels 3 and 4 ~ high",,"2016Q2",631.2,,,"Frequency: Quarterly",
"Portugal","Employees by sex and occupation (thousands)","LFS - EU Labour Force Survey","Sex: Male","Occupation (Skill level): Skill level 2 ~ medium",,"2016Q2",1048.1,,,"Frequency: Quarterly",
"Portugal","Employees by sex and occupation (thousands)","LFS - EU Labour Force Survey","Sex: Male","Occupation (Skill level): Skill level 1 ~ low",,"2016Q2",143.2,,,"Frequency: Quarterly",
"Portugal","Employees by sex and occupation (thousands)","LFS - EU Labour Force Survey","Sex: Female","Occupation (Skill level): Skill levels 3 and 4 ~ high",,"2016Q2",719.8,,,"Frequency: Quarterly",
"Portugal","Employees by sex and occupation (thousands)","LFS - EU Labour Force Survey","Sex: Female","Occupation (Skill level): Skill level 2 ~ medium",,"2016Q2",879.6,,,"Frequency: Quarterly",
"Portugal","Employees by sex and occupation (thousands)","LFS - EU Labour Force Survey","Sex: Female","Occupation (Skill level): Skill level 1 ~ low",,"2016Q2",332.2,,,"Frequency: Quarterly",
"Portugal","Employees by sex and occupation (thousands)","LFS - EU Labour Force Survey","Sex: Male","Occupation (ISCO-08): 4. Clerical support workers",,"2016Q2",118,,,"Frequency: Quarterly",
"Portugal","Employees by sex and occupation (thousands)","LFS - EU Labour Force Survey","Sex: Female","Occupation (ISCO-08): 4. Clerical support workers",,"2016Q2",222.8,,,"Frequency: Quarterly",
"Portugal","Employees by sex and occupation (thousands)","LFS - EU Labour Force Survey","Sex: Male","Occupation (Skill level): Skill levels 3 and 4 ~ high",,"2016Q1",635.8,,,"Frequency: Quarterly",
"Portugal","Employees by sex and occupation (thousands)","LFS - EU Labour Force Survey","Sex: Male","Occupation (Skill level): Skill level 2 ~ medium",,"2016Q1",1011.1,,,"Frequency: Quarterly",
"Portugal","Employees by sex and occupation (thousands)","LFS - EU Labour Force Survey","Sex: Male","Occupation (Skill level): Skill level 1 ~ low",,"2016Q1",134.3,,,"Frequency: Quarterly",
"Portugal","Employees by sex and occupation (thousands)","LFS - EU Labour Force Survey","Sex: Female","Occupation (Skill level): Skill levels 3 and 4 ~ high",,"2016Q1",728,,,"Frequency: Quarterly",
"Portugal","Employees by sex and occupation (thousands)","LFS - EU Labour Force Survey","Sex: Female","Occupation (Skill level): Skill level 2 ~ medium",,"2016Q1",859.3,,,"Frequency: Quarterly",
"Portugal","Employees by sex and occupation (thousands)","LFS - EU Labour Force Survey","Sex: Female","Occupation (Skill level): Skill level 1 ~ low",,"2016Q1",323.4,,,"Frequency: Quarterly",
"Portugal","Employees by sex and occupation (thousands)","LFS - EU Labour Force Survey","Sex: Male","Occupation (ISCO-08): 4. Clerical support workers",,"2016Q1",111,,,"Frequency: Quarterly",
"Portugal","Employees by sex and occupation (thousands)","LFS - EU Labour Force Survey","Sex: Female","Occupation (ISCO-08): 4. Clerical support workers",,"2016Q1",213.2,,,"Frequency: Quarterly",
"Portugal","Employees by sex and occupation (thousands)","LFS - EU Labour Force Survey","Sex: Male","Occupation (Skill level): Skill levels 3 and 4 ~ high",,"2015Q4",628.3,,,"Frequency: Quarterly",
"Portugal","Employees by sex and occupation (thousands)","LFS - EU Labour Force Survey","Sex: Male","Occupation (Skill level): Skill level 2 ~ medium",,"2015Q4",1032.9,,,"Frequency: Quarterly",
"Portugal","Employees by sex and occupation (thousands)","LFS - EU Labour Force Survey","Sex: Male","Occupation (Skill level): Skill level 1 ~ low",,"2015Q4",140.3,,,"Frequency: Quarterly",
"Portugal","Employees by sex and occupation (thousands)","LFS - EU Labour Force Survey","Sex: Female","Occupation (Skill level): Skill levels 3 and 4 ~ high",,"2015Q4",716.4,,,"Frequency: Quarterly",
"Portugal","Employees by sex and occupation (thousands)","LFS - EU Labour Force Survey","Sex: Female","Occupation (Skill level): Skill level 2 ~ medium",,"2015Q4",852.4,,,"Frequency: Quarterly",
"Portugal","Employees by sex and occupation (thousands)","LFS - EU Labour Force Survey","Sex: Female","Occupation (Skill level): Skill level 1 ~ low",,"2015Q4",337.6,,,"Frequency: Quarterly",
"Portugal","Employees by sex and occupation (thousands)","LFS - EU Labour Force Survey","Sex: Male","Occupation (ISCO-08): 4. Clerical support workers",,"2015Q4",123.1,,,"Frequency: Quarterly",
"Portugal","Employees by sex and occupation (thousands)","LFS - EU Labour Force Survey","Sex: Female","Occupation (ISCO-08): 4. Clerical support workers",,"2015Q4",218.4,,,"Frequency: Quarterly",
"Portugal","Employees by sex and occupation (thousands)","LFS - EU Labour Force Survey","Sex: Male","Occupation (Skill level): Skill levels 3 and 4 ~ high",,"2015Q3",615.1,,,"Frequency: Quarterly",
"Portugal","Employees by sex and occupation (thousands)","LFS - EU Labour Force Survey","Sex: Male","Occupation (Skill level): Skill level 2 ~ medium",,"2015Q3",1048.7,,,"Frequency: Quarterly",
"Portugal","Employees by sex and occupation (thousands)","LFS - EU Labour Force Survey","Sex: Male","Occupation (Skill level): Skill level 1 ~ low",,"2015Q3",138.4,,,"Frequency: Quarterly",
"Portugal","Employees by sex and occupation (thousands)","LFS - EU Labour Force Survey","Sex: Female","Occupation (Skill level): Skill levels 3 and 4 ~ high",,"2015Q3",706.8,,,"Frequency: Quarterly",
"Portugal","Employees by sex and occupation (thousands)","LFS - EU Labour Force Survey","Sex: Female","Occupation (Skill level): Skill level 2 ~ medium",,"2015Q3",868.7,,,"Frequency: Quarterly",
"Portugal","Employees by sex and occupation (thousands)","LFS - EU Labour Force Survey","Sex: Female","Occupation (Skill level): Skill level 1 ~ low",,"2015Q3",337.9,,,"Frequency: Quarterly",
"Portugal","Employees by sex and occupation (thousands)","LFS - EU Labour Force Survey","Sex: Male","Occupation (ISCO-08): 4. Clerical support workers",,"2015Q3",116.1,,,"Frequency: Quarterly",
"Portugal","Employees by sex and occupation (thousands)","LFS - EU Labour Force Survey","Sex: Female","Occupation (ISCO-08): 4. Clerical support workers",,"2015Q3",215.2,,,"Frequency: Quarterly",
"Portugal","Employees by sex and occupation (thousands)","LFS - EU Labour Force Survey","Sex: Male","Occupation (Skill level): Skill levels 3 and 4 ~ high",,"2015Q2",606.7,,,"Frequency: Quarterly",
"Portugal","Employees by sex and occupation (thousands)","LFS - EU Labour Force Survey","Sex: Male","Occupation (Skill level): Skill level 2 ~ medium",,"2015Q2",1030.5,,,"Frequency: Quarterly",
"Portugal","Employees by sex and occupation (thousands)","LFS - EU Labour Force Survey","Sex: Male","Occupation (Skill level): Skill level 1 ~ low",,"2015Q2",136.7,,,"Frequency: Quarterly",
"Portugal","Employees by sex and occupation (thousands)","LFS - EU Labour Force Survey","Sex: Female","Occupation (Skill level): Skill levels 3 and 4 ~ high",,"2015Q2",709.2,,,"Frequency: Quarterly",
"Portugal","Employees by sex and occupation (thousands)","LFS - EU Labour Force Survey","Sex: Female","Occupation (Skill level): Skill level 2 ~ medium",,"2015Q2",860.3,,,"Frequency: Quarterly",
"Portugal","Employees by sex and occupation (thousands)","LFS - EU Labour Force Survey","Sex: Female","Occupation (Skill level): Skill level 1 ~ low",,"2015Q2",351.4,,,"Frequency: Quarterly",
"Portugal","Employees by sex and occupation (thousands)","LFS - EU Labour Force Survey","Sex: Male","Occupation (ISCO-08): 4. Clerical support workers",,"2015Q2",119.9,,,"Frequency: Quarterly",
"Portugal","Employees by sex and occupation (thousands)","LFS - EU Labour Force Survey","Sex: Female","Occupation (ISCO-08): 4. Clerical support workers",,"2015Q2",215.1,,,"Frequency: Quarterly",
"Portugal","Employees by sex and occupation (thousands)","LFS - EU Labour Force Survey","Sex: Male","Occupation (Skill level): Skill levels 3 and 4 ~ high",,"2015Q1",611.5,,,"Frequency: Quarterly",
"Portugal","Employees by sex and occupation (thousands)","LFS - EU Labour Force Survey","Sex: Male","Occupation (Skill level): Skill level 2 ~ medium",,"2015Q1",987.2,,,"Frequency: Quarterly",
"Portugal","Employees by sex and occupation (thousands)","LFS - EU Labour Force Survey","Sex: Male","Occupation (Skill level): Skill level 1 ~ low",,"2015Q1",137.6,,,"Frequency: Quarterly",
"Portugal","Employees by sex and occupation (thousands)","LFS - EU Labour Force Survey","Sex: Female","Occupation (Skill level): Skill levels 3 and 4 ~ high",,"2015Q1",701.7,,,"Frequency: Quarterly",
"Portugal","Employees by sex and occupation (thousands)","LFS - EU Labour Force Survey","Sex: Female","Occupation (Skill level): Skill level 2 ~ medium",,"2015Q1",843.5,,,"Frequency: Quarterly",
"Portugal","Employees by sex and occupation (thousands)","LFS - EU Labour Force Survey","Sex: Female","Occupation (Skill level): Skill level 1 ~ low",,"2015Q1",329.3,,,"Frequency: Quarterly",
"Portugal","Employees by sex and occupation (thousands)","LFS - EU Labour Force Survey","Sex: Male","Occupation (ISCO-08): 4. Clerical support workers",,"2015Q1",115.7,,,"Frequency: Quarterly",
"Portugal","Employees by sex and occupation (thousands)","LFS - EU Labour Force Survey","Sex: Female","Occupation (ISCO-08): 4. Clerical support workers",,"2015Q1",216.2,,,"Frequency: Quarterly",
"Portugal","Employees by sex and occupation (thousands)","LFS - EU Labour Force Survey","Sex: Male","Occupation (Skill level): Skill levels 3 and 4 ~ high",,"2014Q4",616.8,,,"Frequency: Quarterly",
"Portugal","Employees by sex and occupation (thousands)","LFS - EU Labour Force Survey","Sex: Male","Occupation (Skill level): Skill level 2 ~ medium",,"2014Q4",999.2,,,"Frequency: Quarterly",
"Portugal","Employees by sex and occupation (thousands)","LFS - EU Labour Force Survey","Sex: Male","Occupation (Skill level): Skill level 1 ~ low",,"2014Q4",130.6,,,"Frequency: Quarterly",
"Portugal","Employees by sex and occupation (thousands)","LFS - EU Labour Force Survey","Sex: Female","Occupation (Skill level): Skill levels 3 and 4 ~ high",,"2014Q4",713.2,,,"Frequency: Quarterly",
"Portugal","Employees by sex and occupation (thousands)","LFS - EU Labour Force Survey","Sex: Female","Occupation (Skill level): Skill level 2 ~ medium",,"2014Q4",826,,,"Frequency: Quarterly",
"Portugal","Employees by sex and occupation (thousands)","LFS - EU Labour Force Survey","Sex: Female","Occupation (Skill level): Skill level 1 ~ low",,"2014Q4",345.1,,,"Frequency: Quarterly",
"Portugal","Employees by sex and occupation (thousands)","LFS - EU Labour Force Survey","Sex: Male","Occupation (ISCO-08): 4. Clerical support workers",,"2014Q4",119.4,,,"Frequency: Quarterly",
"Portugal","Employees by sex and occupation (thousands)","LFS - EU Labour Force Survey","Sex: Female","Occupation (ISCO-08): 4. Clerical support workers",,"2014Q4",209.2,,,"Frequency: Quarterly",
"Portugal","Employees by sex and occupation (thousands)","LFS - EU Labour Force Survey","Sex: Male","Occupation (Skill level): Skill levels 3 and 4 ~ high",,"2014Q3",590.6,,,"Frequency: Quarterly",
"Portugal","Employees by sex and occupation (thousands)","LFS - EU Labour Force Survey","Sex: Male","Occupation (Skill level): Skill level 2 ~ medium",,"2014Q3",1038.1,,,"Frequency: Quarterly",
"Portugal","Employees by sex and occupation (thousands)","LFS - EU Labour Force Survey","Sex: Male","Occupation (Skill level): Skill level 1 ~ low",,"2014Q3",147.2,,,"Frequency: Quarterly",
"Portugal","Employees by sex and occupation (thousands)","LFS - EU Labour Force Survey","Sex: Female","Occupation (Skill level): Skill levels 3 and 4 ~ high",,"2014Q3",649,,,"Frequency: Quarterly",
"Portugal","Employees by sex and occupation (thousands)","LFS - EU Labour Force Survey","Sex: Female","Occupation (Skill level): Skill level 2 ~ medium",,"2014Q3",870.8,,,"Frequency: Quarterly",
"Portugal","Employees by sex and occupation (thousands)","LFS - EU Labour Force Survey","Sex: Female","Occupation (Skill level): Skill level 1 ~ low",,"2014Q3",354.4,,,"Frequency: Quarterly",
"Portugal","Employees by sex and occupation (thousands)","LFS - EU Labour Force Survey","Sex: Male","Occupation (ISCO-08): 4. Clerical support workers",,"2014Q3",116,,,"Frequency: Quarterly",
"Portugal","Employees by sex and occupation (thousands)","LFS - EU Labour Force Survey","Sex: Female","Occupation (ISCO-08): 4. Clerical support workers",,"2014Q3",237.8,,,"Frequency: Quarterly",
"Portugal","Employees by sex and occupation (thousands)","LFS - EU Labour Force Survey","Sex: Male","Occupation (Skill level): Skill levels 3 and 4 ~ high",,"2014Q2",569.9,,,"Frequency: Quarterly",
"Portugal","Employees by sex and occupation (thousands)","LFS - EU Labour Force Survey","Sex: Male","Occupation (Skill level): Skill level 2 ~ medium",,"2014Q2",1030.1,,,"Frequency: Quarterly",
"Portugal","Employees by sex and occupation (thousands)","LFS - EU Labour Force Survey","Sex: Male","Occupation (Skill level): Skill level 1 ~ low",,"2014Q2",134.3,,,"Frequency: Quarterly",
"Portugal","Employees by sex and occupation (thousands)","LFS - EU Labour Force Survey","Sex: Female","Occupation (Skill level): Skill levels 3 and 4 ~ high",,"2014Q2",652.6,,,"Frequency: Quarterly",
"Portugal","Employees by sex and occupation (thousands)","LFS - EU Labour Force Survey","Sex: Female","Occupation (Skill level): Skill level 2 ~ medium",,"2014Q2",845.1,,,"Frequency: Quarterly",
"Portugal","Employees by sex and occupation (thousands)","LFS - EU Labour Force Survey","Sex: Female","Occupation (Skill level): Skill level 1 ~ low",,"2014Q2",342.9,,,"Frequency: Quarterly",
"Portugal","Employees by sex and occupation (thousands)","LFS - EU Labour Force Survey","Sex: Male","Occupation (ISCO-08): 4. Clerical support workers",,"2014Q2",121,,,"Frequency: Quarterly",
"Portugal","Employees by sex and occupation (thousands)","LFS - EU Labour Force Survey","Sex: Female","Occupation (ISCO-08): 4. Clerical support workers",,"2014Q2",230.5,,,"Frequency: Quarterly",
"Portugal","Employees by sex and occupation (thousands)","LFS - EU Labour Force Survey","Sex: Male","Occupation (Skill level): Skill levels 3 and 4 ~ high",,"2014Q1",545.9,,,"Frequency: Quarterly",
"Portugal","Employees by sex and occupation (thousands)","LFS - EU Labour Force Survey","Sex: Male","Occupation (Skill level): Skill level 2 ~ medium",,"2014Q1",993.6,,,"Frequency: Quarterly",
"Portugal","Employees by sex and occupation (thousands)","LFS - EU Labour Force Survey","Sex: Male","Occupation (Skill level): Skill level 1 ~ low",,"2014Q1",134.6,,,"Frequency: Quarterly",
"Portugal","Employees by sex and occupation (thousands)","LFS - EU Labour Force Survey","Sex: Female","Occupation (Skill level): Skill levels 3 and 4 ~ high",,"2014Q1",659.7,,,"Frequency: Quarterly",
"Portugal","Employees by sex and occupation (thousands)","LFS - EU Labour Force Survey","Sex: Female","Occupation (Skill level): Skill level 2 ~ medium",,"2014Q1",803.5,,,"Frequency: Quarterly",
"Portugal","Employees by sex and occupation (thousands)","LFS - EU Labour Force Survey","Sex: Female","Occupation (Skill level): Skill level 1 ~ low",,"2014Q1",353.7,,,"Frequency: Quarterly",
"Portugal","Employees by sex and occupation (thousands)","LFS - EU Labour Force Survey","Sex: Male","Occupation (ISCO-08): 4. Clerical support workers",,"2014Q1",118.1,,,"Frequency: Quarterly",
"Portugal","Employees by sex and occupation (thousands)","LFS - EU Labour Force Survey","Sex: Female","Occupation (ISCO-08): 4. Clerical support workers",,"2014Q1",207.6,,,"Frequency: Quarterly",
"Portugal","Employees by sex and occupation (thousands)","LFS - EU Labour Force Survey","Sex: Male","Occupation (Skill level): Skill levels 3 and 4 ~ high",,"2013Q4",540.1,,,"Frequency: Quarterly",
"Portugal","Employees by sex and occupation (thousands)","LFS - EU Labour Force Survey","Sex: Male","Occupation (Skill level): Skill level 2 ~ medium",,"2013Q4",1015.8,,,"Frequency: Quarterly",
"Portugal","Employees by sex and occupation (thousands)","LFS - EU Labour Force Survey","Sex: Male","Occupation (Skill level): Skill level 1 ~ low",,"2013Q4",136,,,"Frequency: Quarterly",
"Portugal","Employees by sex and occupation (thousands)","LFS - EU Labour Force Survey","Sex: Female","Occupation (Skill level): Skill levels 3 and 4 ~ high",,"2013Q4",638.1,,,"Frequency: Quarterly",
"Portugal","Employees by sex and occupation (thousands)","LFS - EU Labour Force Survey","Sex: Female","Occupation (Skill level): Skill level 2 ~ medium",,"2013Q4",804.8,,,"Frequency: Quarterly",
"Portugal","Employees by sex and occupation (thousands)","LFS - EU Labour Force Survey","Sex: Female","Occupation (Skill level): Skill level 1 ~ low",,"2013Q4",354.5,,,"Frequency: Quarterly",
"Portugal","Employees by sex and occupation (thousands)","LFS - EU Labour Force Survey","Sex: Male","Occupation (ISCO-08): 4. Clerical support workers",,"2013Q4",118.6,,,"Frequency: Quarterly",
"Portugal","Employees by sex and occupation (thousands)","LFS - EU Labour Force Survey","Sex: Female","Occupation (ISCO-08): 4. Clerical support workers",,"2013Q4",209.5,,,"Frequency: Quarterly",
"Portugal","Employees by sex and occupation (thousands)","LFS - EU Labour Force Survey","Sex: Male","Occupation (Skill level): Skill levels 3 and 4 ~ high",,"2013Q3",533.4,,,"Frequency: Quarterly",
"Portugal","Employees by sex and occupation (thousands)","LFS - EU Labour Force Survey","Sex: Male","Occupation (Skill level): Skill level 2 ~ medium",,"2013Q3",1005.9,,,"Frequency: Quarterly",
"Portugal","Employees by sex and occupation (thousands)","LFS - EU Labour Force Survey","Sex: Male","Occupation (Skill level): Skill level 1 ~ low",,"2013Q3",137.5,,,"Frequency: Quarterly",
"Portugal","Employees by sex and occupation (thousands)","LFS - EU Labour Force Survey","Sex: Female","Occupation (Skill level): Skill levels 3 and 4 ~ high",,"2013Q3",591.7,,,"Frequency: Quarterly",
"Portugal","Employees by sex and occupation (thousands)","LFS - EU Labour Force Survey","Sex: Female","Occupation (Skill level): Skill level 2 ~ medium",,"2013Q3",811.3,,,"Frequency: Quarterly",
"Portugal","Employees by sex and occupation (thousands)","LFS - EU Labour Force Survey","Sex: Female","Occupation (Skill level): Skill level 1 ~ low",,"2013Q3",363,,,"Frequency: Quarterly",
"Portugal","Employees by sex and occupation (thousands)","LFS - EU Labour Force Survey","Sex: Male","Occupation (ISCO-08): 4. Clerical support workers",,"2013Q3",123.1,,,"Frequency: Quarterly",
"Portugal","Employees by sex and occupation (thousands)","LFS - EU Labour Force Survey","Sex: Female","Occupation (ISCO-08): 4. Clerical support workers",,"2013Q3",203.8,,,"Frequency: Quarterly",
"Portugal","Employees by sex and occupation (thousands)","LFS - EU Labour Force Survey","Sex: Male","Occupation (Skill level): Skill levels 3 and 4 ~ high",,"2013Q2",509,,,"Frequency: Quarterly",
"Portugal","Employees by sex and occupation (thousands)","LFS - EU Labour Force Survey","Sex: Male","Occupation (Skill level): Skill level 2 ~ medium",,"2013Q2",1017.3,,,"Frequency: Quarterly",
"Portugal","Employees by sex and occupation (thousands)","LFS - EU Labour Force Survey","Sex: Male","Occupation (Skill level): Skill level 1 ~ low",,"2013Q2",135.7,,,"Frequency: Quarterly",
"Portugal","Employees by sex and occupation (thousands)","LFS - EU Labour Force Survey","Sex: Female","Occupation (Skill level): Skill levels 3 and 4 ~ high",,"2013Q2",591.9,,,"Frequency: Quarterly",
"Portugal","Employees by sex and occupation (thousands)","LFS - EU Labour Force Survey","Sex: Female","Occupation (Skill level): Skill level 2 ~ medium",,"2013Q2",792.7,,,"Frequency: Quarterly",
"Portugal","Employees by sex and occupation (thousands)","LFS - EU Labour Force Survey","Sex: Female","Occupation (Skill level): Skill level 1 ~ low",,"2013Q2",372.1,,,"Frequency: Quarterly",
"Portugal","Employees by sex and occupation (thousands)","LFS - EU Labour Force Survey","Sex: Male","Occupation (ISCO-08): 4. Clerical support workers",,"2013Q2",117.3,,,"Frequency: Quarterly",
"Portugal","Employees by sex and occupation (thousands)","LFS - EU Labour Force Survey","Sex: Female","Occupation (ISCO-08): 4. Clerical support workers",,"2013Q2",192.1,,,"Frequency: Quarterly",
"Portugal","Employees by sex and occupation (thousands)","LFS - EU Labour Force Survey","Sex: Male","Occupation (Skill level): Skill levels 3 and 4 ~ high",,"2013Q1",508.6,,,"Frequency: Quarterly",
"Portugal","Employees by sex and occupation (thousands)","LFS - EU Labour Force Survey","Sex: Male","Occupation (Skill level): Skill level 2 ~ medium",,"2013Q1",991.5,,,"Frequency: Quarterly",
"Portugal","Employees by sex and occupation (thousands)","LFS - EU Labour Force Survey","Sex: Male","Occupation (Skill level): Skill level 1 ~ low",,"2013Q1",134.8,,,"Frequency: Quarterly",
"Portugal","Employees by sex and occupation (thousands)","LFS - EU Labour Force Survey","Sex: Female","Occupation (Skill level): Skill levels 3 and 4 ~ high",,"2013Q1",581.1,,,"Frequency: Quarterly",
"Portugal","Employees by sex and occupation (thousands)","LFS - EU Labour Force Survey","Sex: Female","Occupation (Skill level): Skill level 2 ~ medium",,"2013Q1",779.8,,,"Frequency: Quarterly",
"Portugal","Employees by sex and occupation (thousands)","LFS - EU Labour Force Survey","Sex: Female","Occupation (Skill level): Skill level 1 ~ low",,"2013Q1",380,,,"Frequency: Quarterly",
"Portugal","Employees by sex and occupation (thousands)","LFS - EU Labour Force Survey","Sex: Male","Occupation (ISCO-08): 4. Clerical support workers",,"2013Q1",111.2,,,"Frequency: Quarterly",
"Portugal","Employees by sex and occupation (thousands)","LFS - EU Labour Force Survey","Sex: Female","Occupation (ISCO-08): 4. Clerical support workers",,"2013Q1",190.6,,,"Frequency: Quarterly",
"Portugal","Employees by sex and occupation (thousands)","LFS - EU Labour Force Survey","Sex: Male","Occupation (Skill level): Skill levels 3 and 4 ~ high",,"2012Q4",510.9,,,"Frequency: Quarterly",
"Portugal","Employees by sex and occupation (thousands)","LFS - EU Labour Force Survey","Sex: Male","Occupation (Skill level): Skill level 2 ~ medium",,"2012Q4",1017.8,,,"Frequency: Quarterly",
"Portugal","Employees by sex and occupation (thousands)","LFS - EU Labour Force Survey","Sex: Male","Occupation (Skill level): Skill level 1 ~ low",,"2012Q4",134.7,,,"Frequency: Quarterly",
"Portugal","Employees by sex and occupation (thousands)","LFS - EU Labour Force Survey","Sex: Female","Occupation (Skill level): Skill levels 3 and 4 ~ high",,"2012Q4",599.4,,,"Frequency: Quarterly",
"Portugal","Employees by sex and occupation (thousands)","LFS - EU Labour Force Survey","Sex: Female","Occupation (Skill level): Skill level 2 ~ medium",,"2012Q4",786.6,,,"Frequency: Quarterly",
"Portugal","Employees by sex and occupation (thousands)","LFS - EU Labour Force Survey","Sex: Female","Occupation (Skill level): Skill level 1 ~ low",,"2012Q4",370,,,"Frequency: Quarterly",
"Portugal","Employees by sex and occupation (thousands)","LFS - EU Labour Force Survey","Sex: Male","Occupation (ISCO-08): 4. Clerical support workers",,"2012Q4",118.9,,,"Frequency: Quarterly",
"Portugal","Employees by sex and occupation (thousands)","LFS - EU Labour Force Survey","Sex: Female","Occupation (ISCO-08): 4. Clerical support workers",,"2012Q4",201.3,,,"Frequency: Quarterly",
"Portugal","Employees by sex and occupation (thousands)","LFS - EU Labour Force Survey","Sex: Male","Occupation (Skill level): Skill levels 3 and 4 ~ high",,"2012Q3",500,,,"Frequency: Quarterly",
"Portugal","Employees by sex and occupation (thousands)","LFS - EU Labour Force Survey","Sex: Male","Occupation (Skill level): Skill level 2 ~ medium",,"2012Q3",1084.4,,,"Frequency: Quarterly",
"Portugal","Employees by sex and occupation (thousands)","LFS - EU Labour Force Survey","Sex: Male","Occupation (Skill level): Skill level 1 ~ low",,"2012Q3",140.3,,,"Frequency: Quarterly",
"Portugal","Employees by sex and occupation (thousands)","LFS - EU Labour Force Survey","Sex: Female","Occupation (Skill level): Skill levels 3 and 4 ~ high",,"2012Q3",590.4,,,"Frequency: Quarterly",
"Portugal","Employees by sex and occupation (thousands)","LFS - EU Labour Force Survey","Sex: Female","Occupation (Skill level): Skill level 2 ~ medium",,"2012Q3",823.4,,,"Frequency: Quarterly",
"Portugal","Employees by sex and occupation (thousands)","LFS - EU Labour Force Survey","Sex: Female","Occupation (Skill level): Skill level 1 ~ low",,"2012Q3",386,,,"Frequency: Quarterly",
"Portugal","Employees by sex and occupation (thousands)","LFS - EU Labour Force Survey","Sex: Male","Occupation (ISCO-08): 4. Clerical support workers",,"2012Q3",126.8,,,"Frequency: Quarterly",
"Portugal","Employees by sex and occupation (thousands)","LFS - EU Labour Force Survey","Sex: Female","Occupation (ISCO-08): 4. Clerical support workers",,"2012Q3",208,,,"Frequency: Quarterly",
"Portugal","Employees by sex and occupation (thousands)","LFS - EU Labour Force Survey","Sex: Male","Occupation (Skill level): Skill levels 3 and 4 ~ high",,"2012Q2",520.1,,,"Frequency: Quarterly",
"Portugal","Employees by sex and occupation (thousands)","LFS - EU Labour Force Survey","Sex: Male","Occupation (Skill level): Skill level 2 ~ medium",,"2012Q2",1084.6,,,"Frequency: Quarterly",
"Portugal","Employees by sex and occupation (thousands)","LFS - EU Labour Force Survey","Sex: Male","Occupation (Skill level): Skill level 1 ~ low",,"2012Q2",129.5,,,"Frequency: Quarterly",
"Portugal","Employees by sex and occupation (thousands)","LFS - EU Labour Force Survey","Sex: Female","Occupation (Skill level): Skill levels 3 and 4 ~ high",,"2012Q2",584.5,,,"Frequency: Quarterly",
"Portugal","Employees by sex and occupation (thousands)","LFS - EU Labour Force Survey","Sex: Female","Occupation (Skill level): Skill level 2 ~ medium",,"2012Q2",859.4,,,"Frequency: Quarterly",
"Portugal","Employees by sex and occupation (thousands)","LFS - EU Labour Force Survey","Sex: Female","Occupation (Skill level): Skill level 1 ~ low",,"2012Q2",375.6,,,"Frequency: Quarterly",
"Portugal","Employees by sex and occupation (thousands)","LFS - EU Labour Force Survey","Sex: Male","Occupation (ISCO-08): 4. Clerical support workers",,"2012Q2",124.7,,,"Frequency: Quarterly",
"Portugal","Employees by sex and occupation (thousands)","LFS - EU Labour Force Survey","Sex: Female","Occupation (ISCO-08): 4. Clerical support workers",,"2012Q2",228.5,,,"Frequency: Quarterly",
"Portugal","Employees by sex and occupation (thousands)","LFS - EU Labour Force Survey","Sex: Male","Occupation (Skill level): Skill levels 3 and 4 ~ high",,"2012Q1",507.1,,,"Frequency: Quarterly",
"Portugal","Employees by sex and occupation (thousands)","LFS - EU Labour Force Survey","Sex: Male","Occupation (Skill level): Skill level 2 ~ medium",,"2012Q1",1093,,,"Frequency: Quarterly",
"Portugal","Employees by sex and occupation (thousands)","LFS - EU Labour Force Survey","Sex: Male","Occupation (Skill level): Skill level 1 ~ low",,"2012Q1",126.5,,,"Frequency: Quarterly",
"Portugal","Employees by sex and occupation (thousands)","LFS - EU Labour Force Survey","Sex: Female","Occupation (Skill level): Skill levels 3 and 4 ~ high",,"2012Q1",570.3,,,"Frequency: Quarterly",
"Portugal","Employees by sex and occupation (thousands)","LFS - EU Labour Force Survey","Sex: Female","Occupation (Skill level): Skill level 2 ~ medium",,"2012Q1",864.7,,,"Frequency: Quarterly",
"Portugal","Employees by sex and occupation (thousands)","LFS - EU Labour Force Survey","Sex: Female","Occupation (Skill level): Skill level 1 ~ low",,"2012Q1",389.4,,,"Frequency: Quarterly",
"Portugal","Employees by sex and occupation (thousands)","LFS - EU Labour Force Survey","Sex: Male","Occupation (ISCO-08): 4. Clerical support workers",,"2012Q1",130.7,,,"Frequency: Quarterly",
"Portugal","Employees by sex and occupation (thousands)","LFS - EU Labour Force Survey","Sex: Female","Occupation (ISCO-08): 4. Clerical support workers",,"2012Q1",239.4,,,"Frequency: Quarterly",
"Portugal","Employees by sex and occupation (thousands)","LFS - EU Labour Force Survey","Sex: Male","Occupation (Skill level): Skill levels 3 and 4 ~ high",,"2011Q4",501.1,,,"Frequency: Quarterly",
"Portugal","Employees by sex and occupation (thousands)","LFS - EU Labour Force Survey","Sex: Male","Occupation (Skill level): Skill level 2 ~ medium",,"2011Q4",1132.4,,,"Frequency: Quarterly",
"Portugal","Employees by sex and occupation (thousands)","LFS - EU Labour Force Survey","Sex: Male","Occupation (Skill level): Skill level 1 ~ low",,"2011Q4",134.8,,,"Frequency: Quarterly",
"Portugal","Employees by sex and occupation (thousands)","LFS - EU Labour Force Survey","Sex: Female","Occupation (Skill level): Skill levels 3 and 4 ~ high",,"2011Q4",557,,,"Frequency: Quarterly",
"Portugal","Employees by sex and occupation (thousands)","LFS - EU Labour Force Survey","Sex: Female","Occupation (Skill level): Skill level 2 ~ medium",,"2011Q4",874.3,,,"Frequency: Quarterly",
"Portugal","Employees by sex and occupation (thousands)","LFS - EU Labour Force Survey","Sex: Female","Occupation (Skill level): Skill level 1 ~ low",,"2011Q4",407.1,,,"Frequency: Quarterly",
"Portugal","Employees by sex and occupation (thousands)","LFS - EU Labour Force Survey","Sex: Male","Occupation (ISCO-08): 4. Clerical support workers",,"2011Q4",132.6,,,"Frequency: Quarterly",
"Portugal","Employees by sex and occupation (thousands)","LFS - EU Labour Force Survey","Sex: Female","Occupation (ISCO-08): 4. Clerical support workers",,"2011Q4",239.3,,,"Frequency: Quarterly",
"Portugal","Employees by sex and occupation (thousands)","LFS - EU Labour Force Survey","Sex: Male","Occupation (Skill level): Skill levels 3 and 4 ~ high",,"2011Q3",521.3,,,"Frequency: Quarterly",
"Portugal","Employees by sex and occupation (thousands)","LFS - EU Labour Force Survey","Sex: Male","Occupation (Skill level): Skill level 2 ~ medium",,"2011Q3",1199.5,,,"Frequency: Quarterly",
"Portugal","Employees by sex and occupation (thousands)","LFS - EU Labour Force Survey","Sex: Male","Occupation (Skill level): Skill level 1 ~ low",,"2011Q3",131.2,,,"Frequency: Quarterly",
"Portugal","Employees by sex and occupation (thousands)","LFS - EU Labour Force Survey","Sex: Female","Occupation (Skill level): Skill levels 3 and 4 ~ high",,"2011Q3",555.5,,,"Frequency: Quarterly",
"Portugal","Employees by sex and occupation (thousands)","LFS - EU Labour Force Survey","Sex: Female","Occupation (Skill level): Skill level 2 ~ medium",,"2011Q3",900.4,,,"Frequency: Quarterly",
"Portugal","Employees by sex and occupation (thousands)","LFS - EU Labour Force Survey","Sex: Female","Occupation (Skill level): Skill level 1 ~ low",,"2011Q3",398.2,,,"Frequency: Quarterly",
"Portugal","Employees by sex and occupation (thousands)","LFS - EU Labour Force Survey","Sex: Male","Occupation (ISCO-08): 4. Clerical support workers",,"2011Q3",124.1,,,"Frequency: Quarterly",
"Portugal","Employees by sex and occupation (thousands)","LFS - EU Labour Force Survey","Sex: Female","Occupation (ISCO-08): 4. Clerical support workers",,"2011Q3",245,,,"Frequency: Quarterly",
"Portugal","Employees by sex and occupation (thousands)","LFS - EU Labour Force Survey","Sex: Male","Occupation (Skill level): Skill levels 3 and 4 ~ high",,"2011Q2",513.8,,,"Frequency: Quarterly",
"Portugal","Employees by sex and occupation (thousands)","LFS - EU Labour Force Survey","Sex: Male","Occupation (Skill level): Skill level 2 ~ medium",,"2011Q2",1193.3,,,"Frequency: Quarterly",
"Portugal","Employees by sex and occupation (thousands)","LFS - EU Labour Force Survey","Sex: Male","Occupation (Skill level): Skill level 1 ~ low",,"2011Q2",137.7,,,"Frequency: Quarterly",
"Portugal","Employees by sex and occupation (thousands)","LFS - EU Labour Force Survey","Sex: Female","Occupation (Skill level): Skill levels 3 and 4 ~ high",,"2011Q2",574.3,,,"Frequency: Quarterly",
"Portugal","Employees by sex and occupation (thousands)","LFS - EU Labour Force Survey","Sex: Female","Occupation (Skill level): Skill level 2 ~ medium",,"2011Q2",917.8,,,"Frequency: Quarterly",
"Portugal","Employees by sex and occupation (thousands)","LFS - EU Labour Force Survey","Sex: Female","Occupation (Skill level): Skill level 1 ~ low",,"2011Q2",401.3,,,"Frequency: Quarterly",
"Portugal","Employees by sex and occupation (thousands)","LFS - EU Labour Force Survey","Sex: Male","Occupation (ISCO-08): 4. Clerical support workers",,"2011Q2",131.3,,,"Frequency: Quarterly",
"Portugal","Employees by sex and occupation (thousands)","LFS - EU Labour Force Survey","Sex: Female","Occupation (ISCO-08): 4. Clerical support workers",,"2011Q2",255.5,,,"Frequency: Quarterly",
"Portugal","Employees by sex and occupation (thousands)","LFS - EU Labour Force Survey","Sex: Male","Occupation (Skill level): Skill levels 3 and 4 ~ high",,"2011Q1",522.6,"Break in series",,"Frequency: Quarterly | Break in series: Methodology revised",
"Portugal","Employees by sex and occupation (thousands)","LFS - EU Labour Force Survey","Sex: Male","Occupation (Skill level): Skill level 2 ~ medium",,"2011Q1",1180.5,"Break in series",,"Frequency: Quarterly | Break in series: Methodology revised",
"Portugal","Employees by sex and occupation (thousands)","LFS - EU Labour Force Survey","Sex: Male","Occupation (Skill level): Skill level 1 ~ low",,"2011Q1",138.1,"Break in series",,"Frequency: Quarterly | Break in series: Methodology revised",
"Portugal","Employees by sex and occupation (thousands)","LFS - EU Labour Force Survey","Sex: Female","Occupation (Skill level): Skill levels 3 and 4 ~ high",,"2011Q1",545.1,"Break in series",,"Frequency: Quarterly | Break in series: Methodology revised",
"Portugal","Employees by sex and occupation (thousands)","LFS - EU Labour Force Survey","Sex: Female","Occupation (Skill level): Skill level 2 ~ medium",,"2011Q1",918.8,"Break in series",,"Frequency: Quarterly | Break in series: Methodology revised",
"Portugal","Employees by sex and occupation (thousands)","LFS - EU Labour Force Survey","Sex: Female","Occupation (Skill level): Skill level 1 ~ low",,"2011Q1",395,"Break in series",,"Frequency: Quarterly | Break in series: Methodology revised",
"Portugal","Employees by sex and occupation (thousands)","LFS - EU Labour Force Survey","Sex: Male","Occupation (ISCO-08): 4. Clerical support workers",,"2011Q1",145.3,"Break in series",,"Frequency: Quarterly | Break in series: Methodology revised",
"Portugal","Employees by sex and occupation (thousands)","LFS - EU Labour Force Survey","Sex: Female","Occupation (ISCO-08): 4. Clerical support workers",,"2011Q1",259.9,"Break in series",,"Frequency: Quarterly | Break in series: Methodology revised",
